LABEL-1,주소,제목,내용,태그1,태그2,태그3,작성일
https://www.itworld.co.kr/t/55049/%EA%B8%80%EB%A1%9C%EB%B2%8C+%ED%8A%B8%EB%A0%8C%EB%93%9C/272967,https://www.itworld.co.kr/files/itworld/ITW_202301_01/ces%20car/738x415_f5f5f5.300x240.jpg,“미래형 자동차의 향연” CES 2023 자동차 전시 이모저모,가전전시회로 시작한 CES가 점점 더 대형 자동차 전시회로 변모하고 있다. 디지털화되고 전기화된 자동차가 등장하면서 전통적인 소비자 가전은 거의 뒷전으로 밀려났다. 게다가 대형 국제 전시회인 제네바 모터쇼가 올해도 취소됐다. 이에 따라 세계적으로 이름...,CES,전기차,전시회,2023.01.12
https://www.itworld.co.kr/t/55049/%EA%B8%80%EB%A1%9C%EB%B2%8C+%ED%8A%B8%EB%A0%8C%EB%93%9C/272997,https://www.itworld.co.kr/files/ciokr/2023/01/GettyImages-1408167188.300x240.jpg,"“마케터 절반, 광고 미디어와 타겟 최적화에 확신 없다”","CMO 위원회(CMO Council)의 최신 보고서에 따르면 마케터 3명 중 2명은 현재 진행 중인 미디어 마케팅 및 광고 전략에 확신이 없는 것으로 나타났다.?

‘미디어 마케팅 성과 최적화(Optimizing Outcomes in Medi...",CMO 위원회,최적화,고객 확보,2023.01.13
https://www.itworld.co.kr/t/55049/%EA%B8%80%EB%A1%9C%EB%B2%8C+%ED%8A%B8%EB%A0%8C%EB%93%9C/273051,https://www.itworld.co.kr/files/itworld/ITW_202301_01/m13-GettyImages-1450040924%20(1).300x240.jpg,글로벌 칼럼 | 경제 역풍이 2023년 사이버보안 업계에 미칠 영향,"최근 ESG(Enterprise Strategy Group)는 2023년의 사이버보안 추세를 분석하기 위한 설문조사를 진행했다.?조사 결과, 53%의 응답자가 2023년 IT 지출을 지난해보다 늘릴 계획이라고 답했다. 30%는 지난해 수준으로...",보안,2023년전망,보안예산,2023.01.13
https://www.itworld.co.kr/t/55049/%EA%B8%80%EB%A1%9C%EB%B2%8C+%ED%8A%B8%EB%A0%8C%EB%93%9C/273117,https://www.itworld.co.kr/files/itworld/ITW_202301_01/m13-1-acer-predator-x27u-1-2.300x240.jpg,"글로벌 칼럼 | 마침내, OLED 모니터의 해가 왔다","PC 마니아와 게이머들이 몇 년 동안 애타게 기다려온 OLED 모니터의 대중화가 2023년 CES에서 마침내 윤곽을 드러냈다. 작년에도 있기는 했다. 에일리언웨어 AW3423DW는 분명 훌륭한 제품이지만, 필자의 바람과 달리 OLED 대세를 이끄는 시...",OLED,모니터,PC모니터,2023.01.13
https://www.itworld.co.kr/t/55049/%EA%B8%80%EB%A1%9C%EB%B2%8C+%ED%8A%B8%EB%A0%8C%EB%93%9C/273151,https://www.itworld.co.kr/files/itworld/ITW_202301_02/GettyImages-1432378561.300x240.jpg,"알파벳 자회사 잇단 구조조정 ""실적 압박과 자원재배치""로 15~20% 감원","알파벳의 기타 부서 감원 계획에 자회사인 인트린직 AI(Intrinsic AI) 인원의 20%가 포함된다. 약 40명 규모다.

인트린직 AI는 알파벳의 X 연구소에서 5년간의 인큐베이팅 후 분사된 자회사로 산업 및 상용 환경에서 로봇 활용도를 높이는...",정리해고,감원,,2023.01.16
https://www.itworld.co.kr/t/55049/%EA%B8%80%EB%A1%9C%EB%B2%8C+%ED%8A%B8%EB%A0%8C%EB%93%9C/273283,https://www.itworld.co.kr/files/ciokr/2023/01/IT_diversity.300x240.jpeg,“성별 다양성이 곧 기업 경쟁력” 여성의 IT 진출 지원하는 단체 3곳,2020년 맥킨지가 발간한 ‘다양성이 경쟁력이다(Diversity wins)’ 보고서에 따르면 성별 다양성이 높은 회사가 낮은 회사를 능가할 가능성이 25% 더 크다. IT 기업이 성비 불균형을 줄이고자 노력해왔지만 여전히 IT 분야의 여성 비중은 작...,DEI,다양성,인재다양성,2023.01.16
https://www.itworld.co.kr/t/55049/%EA%B8%80%EB%A1%9C%EB%B2%8C+%ED%8A%B8%EB%A0%8C%EB%93%9C/273319,https://www.itworld.co.kr/files/itworld/ITW_202301_02/m16-GettyImages-1453941466.300x240.jpg,2023년을 주도할 최신 네트워크 기술 8가지,"경제적 혼란, 전염병, 정치적 격변에 따른 여러 난관에도 불구하고 네트워크 연구자들은 혁신, 성능, 관리, 보안 분야에서 계속해서 새로운 길을 열어가고 있다. 2023년은 네트워크 발전과 변혁의 해가 될 것으로 전망된다. 특히 관심을 가져야 할 8가지...",통합SASE,6G,MCNS,2023.01.16
https://www.itworld.co.kr/t/55049/%EA%B8%80%EB%A1%9C%EB%B2%8C+%ED%8A%B8%EB%A0%8C%EB%93%9C/273355,https://www.itworld.co.kr/files/ciokr/2023/01/google_retail.300x240.jpg,"“AI로 진열대 재고 실시간 파악” 구글, 소매업용 클라우드에 신기능 추가",구글이 소매업을 위한 구글 클라우드(Google Cloud for Retailers)에?진열대 재고 파악 기능을 추가할 예정이라고 발표했다. 이 외에도 전자상거래 사이트용 구글 클라우드 서비스에 일련의 머신러닝 기능을 새로 추가했다.?...,머신러닝,온라인 주문,소매업,2023.01.17
https://www.itworld.co.kr/t/55049/%EA%B8%80%EB%A1%9C%EB%B2%8C+%ED%8A%B8%EB%A0%8C%EB%93%9C/273397,https://www.itworld.co.kr/files/ciokr/2023/01/GettyImages-1426672300.300x240.jpg,"‘드론, IoT, 애널리틱스’··· 아프리카 농업은 기술 혁신 중","‘땅은 절대 속이지 않는다’는 아프리카 농부 사이의 흔한 격언이다. 많은 아프리카 사람들이 본업이나 부업으로 농업에 종사하는 가운데, 기술이 더해지면서 기회가 늘어나고 있다.
?


2022년 3월 유엔 식량농업기구(FAO)에서 국제기술연합(...",아프리카,애그리테크,농업기술,2023.01.17
https://www.itworld.co.kr/t/55049/%EA%B8%80%EB%A1%9C%EB%B2%8C+%ED%8A%B8%EB%A0%8C%EB%93%9C/273799,https://www.itworld.co.kr/files/itworld/ITW_202301_02/m19-satya_slide-100628447-large.300x240.jpg,"마이크로소프트, 1만 명 정리해고 “핵심 영역 채용에 집중할 것”","마이크로소프트가 대규모 정리해고를 단행한다. 마이크로소프트 CEO 사티아 나델라는 전체 인력의 약 5%를 감축할 예정이며, 1만 명의 직원에게 영향을 미칠 것이라고 블로그에서 밝혔다.
?


나델라는 “FY23 Q3 말까지 1만 개의 일자리를...",마이크로소프트,해고,정리해고,2023.01.19
https://www.itworld.co.kr/t/55049/%EA%B8%80%EB%A1%9C%EB%B2%8C+%ED%8A%B8%EB%A0%8C%EB%93%9C/273913,https://www.itworld.co.kr/files/itworld/ITW_202301_02/brawlhalla-loot-box.300x240.jpg,"유럽연합, 루트 박스와 착취성 게임 구조 제재 나선다","오래간만에 게임 업계를 둘러본 사람이라면, “언제부터 AAA 게임 모두가 미니 카지노가 됐는가?”라고 생각할 것이다. 사실 이런 생각을 하는 사람이 한둘은 아니다. 실제로 유럽연합 입법기구인 유럽의회는 유럽위원회에 게임 업계와 게임 플레이어 전반에 악...",유럽연합,루트박스,온라인도박,2023.01.19
https://www.itworld.co.kr/t/55049/%EA%B8%80%EB%A1%9C%EB%B2%8C+%ED%8A%B8%EB%A0%8C%EB%93%9C/273961,https://www.itworld.co.kr/files/itworld/ITW_202301_02/Numbers2301_developer.300x240.jpg,"[ITWorld 넘버스] 한국vs미국, 연봉으로 보는 개발자의 가치",한국에서는 개발자의 처우가 낮다는 비판이 많다. 특히 미국과 비교하며 인재 양성을 위해서라도 개발자의 임금을 높여야 한다고 목소리가 항상 들리고 있다. 그런데 문제는 적절한 개발자 연봉에 대한 기대가 사람마다 다르다는 것이다. 개발자 유무와 상관없이 ...,Numbers,넘버스,개발자,2023.01.20
https://www.itworld.co.kr/t/55049/%EA%B8%80%EB%A1%9C%EB%B2%8C+%ED%8A%B8%EB%A0%8C%EB%93%9C/273991,https://www.itworld.co.kr/files/itworld/numbers/GettyImages-1406712501.300x240.jpg,"가트너, “2023년 세계 IT 지출 전년 대비 2.4% 성장 전망...이전 분기 예상치보다 감소해”","가트너가 올해 전 세계 IT 지출이 2022년보다 2.4% 증가한 총 4조 5,000억 달러에 이를 것이라는 전망을 발표했다. 이는 이전 분기 성장률 예측치인 5.1%보다 낮아진 수치다. 가트너는 인플레이션이 계속해서 소비자 구매력을 약화하고 디바이스...",가트너,,,2023.01.20
https://www.itworld.co.kr/t/55049/%EA%B8%80%EB%A1%9C%EB%B2%8C+%ED%8A%B8%EB%A0%8C%EB%93%9C/274183,https://www.itworld.co.kr/files/itworld/ITW_202301_02/0125_red1.300x240.PNG,"레드햇, ‘2023 글로벌 기술 전망’ 공개…“디지털 트랜스포메이션의 최우선 과제는 보안”","레드햇이 ‘2023 글로벌 기술 전망’을 발표했다. 글로벌 기술 전망은 기업의 디지털 트랜스포메이션 여정의 현재 상황, 투자 우선순위, 당면 과제를 심층적으로 이해하기 위해 전 세계 다양한 산업의 정보 기술(IT) 리더 약 1,700명을 대상으로 진행...",레드햇,디지털 트랜스포메이션,,2023.01.25
https://www.itworld.co.kr/t/55049/%EA%B8%80%EB%A1%9C%EB%B2%8C+%ED%8A%B8%EB%A0%8C%EB%93%9C/274219,https://www.itworld.co.kr/files/itworld/ITW_202301_02/amazon_RxPass_1.300x240.jpg,"“월 5달러로 최저가 약 제공” 아마존,  처방약 정기 배송 서비스 출시","아마존이 처방약 정기 배송 서비스인 'Rx패스(RxPass)'를 출시했다. 아마존 프라임 구독자가 매달 5달러를 추가 지불하면?처방약을 무료 배송 받을 수 있는 서비스다.
?


아마존의 Rx패스는 ‘아마존 파머시(Amazon Pha...",아마존,헬스케어,아마존 파머시,2023.01.25
https://www.itworld.co.kr/t/55049/%EA%B8%80%EB%A1%9C%EB%B2%8C+%ED%8A%B8%EB%A0%8C%EB%93%9C/274321,https://www.itworld.co.kr/files/ciokr/2023/01/google_doj-min.300x240.jpeg,"미 법무부·캘리포니아 등 8개 주, 구글 고소 “온라인 광고 시장 독점”","미 법무부와 캘리포니아 등 8개 주가 지난 24일(현지 시각) 버지니아 연방법원에 구글이 인터넷 광고 시장을 장악하기 위해 시장 지배력을 불법적으로 남용했다고 주장하며 소송을 제기했다.?
?


처음 CNN이 보고한 법원 서류에 따르...",법무부,구글,구글애드매니저,2023.01.26
https://www.itworld.co.kr/t/55049/%EA%B8%80%EB%A1%9C%EB%B2%8C+%ED%8A%B8%EB%A0%8C%EB%93%9C/274537,https://www.itworld.co.kr/files/itworld/ITW_202301_02/GettyImages-175261967.300x240.jpg,“다음 먹잇감은 세일즈포스” 스타보드 이어 엘리엇도 수십억 달러 투자,"세일즈포스가 힘든 시기에 직면했다. 무례한 태도로 악명 높은 투자사 엘리엇(Elliott Management Corp.)이 SaaS 전문업체 세일즈포스의 주식을 대량으로 사들였다. 월스트리트저널의 보도에 따르면, 투자 금액은 수십억 달러에 달한다. 과...",세일즈포스,헤지펀드,엘리엇,2023.01.26
https://www.itworld.co.kr/t/55049/%EA%B8%80%EB%A1%9C%EB%B2%8C+%ED%8A%B8%EB%A0%8C%EB%93%9C/274567,https://www.itworld.co.kr/files/itworld/ITW_202301_02/m26-GettyImages-1396988745.300x240.jpg,“비밀번호를 안전하고 편리하게 대체한다” 패스키의 이해,비밀번호는 기업 인프라와 보안 관행에서 가장 중요한 부분이다. 데이터 유출 사건의 81%와 연관된 가장 큰 취약점이기도 하다. 태생적인 편성 문제로 인해 비밀번호는 안전하게 관리하기 어렵다. 그동안 비밀번호의 보안과 편의를 모두 확보하기 위한 패스워드...,패스키,애플,구글,2023.01.26
https://www.itworld.co.kr/t/55049/%EA%B8%80%EB%A1%9C%EB%B2%8C+%ED%8A%B8%EB%A0%8C%EB%93%9C/274633,https://www.itworld.co.kr/files/ciokr/2023/01/GettyImages-1431705824.300x240.jpg,"MS, 클라우드 성장 ‘빨간불’··· “2분기 매출 증가율 둔화”","마이크로소프트의 2023 회계연도 2분기 클라우드 매출이 고정환율 기준 29% 증가한 미화 215억 달러를 기록했다. 1분기 매출 증가율(31%)보다 둔화된 수치다.?

애저를 포함한 클라우드 서비스 부문은 고정환율 기준 전년 동기 대비 38...",마이크로소프트,클라우드,애저,2023.01.27
https://www.itworld.co.kr/t/55049/%EA%B8%80%EB%A1%9C%EB%B2%8C+%ED%8A%B8%EB%A0%8C%EB%93%9C/274753,https://www.itworld.co.kr/files/itworld/ITW_202301_02/GettyImages-1387312443.300x240.jpg,"개발자가 불황에 연착륙하는 방법 ""긍정적인 경력 관리""",지금의 젊은 개발자 대다수는 닷컴 붕괴는 고사하고 서브프라임 모기지로 시작된 2008년 세계금융위기도 기억하지 못하는 세대다. 두 차례 경제 붕괴의 공통점은 닥치기 전에는 호황이 영영 계속될 것처럼 느껴졌다는 것이다. 그러나 호황기의 뒤에는 항상 경기...,경기침체,감원,정리해고,2023.01.27
https://www.itworld.co.kr/t/55049/%EA%B8%80%EB%A1%9C%EB%B2%8C+%ED%8A%B8%EB%A0%8C%EB%93%9C/274891,https://www.itworld.co.kr/files/itworld/ITW_202302_01/m3-GettyImages-1449267745.300x240.jpg,"컴볼트, 2023 사이버 보안 위협 전망 발표","컴볼트는 2023년에 기업들이 겪을 수 있는 사이버 위협과 대응 방안을 포함한 ‘2023 사이버 보안 위협 전망’을 발표했다.
?


1. 폭발적인 데이터 증가에 따른 관리의 어려움

컴볼트는 데이터양의 폭발적인 증가로 기업은 관리의 어려움을...",컴볼트,,,2023.01.30
https://www.itworld.co.kr/t/55049/%EA%B8%80%EB%A1%9C%EB%B2%8C+%ED%8A%B8%EB%A0%8C%EB%93%9C/274957,https://www.itworld.co.kr/files/itworld/ITW_202301_02/GettyImages-1394982391.300x240.jpg,"2023 미국 직업 상위 25위 ""절반이 IT""…인디드","온라인 취업사이트인 인디드(Indeed)가 이번주 '미국 내 직업 상위 25위'를 발표했다. 상위로 평가된 직업에는 평균 13만 달러의 연봉을 받으며 대부분 재택이나 하이브리드 근무 환경을 이용할 수 있는 풀 스택 개발자가 차지했다.
?

&...",직업,개발자,취업,2023.01.30
https://www.itworld.co.kr/t/55049/%EA%B8%80%EB%A1%9C%EB%B2%8C+%ED%8A%B8%EB%A0%8C%EB%93%9C/275071,https://www.itworld.co.kr/files/itworld/ITW_202301_02/GettyImages-1316576464.300x240.jpg,“구매욕이 없다” 2022년 스마트폰 판매 실적 폭락 : IDC,"IDC에 따르면, 2022년은 스마트폰 판매 측면에서는 재난의 해였다. 특히 샤오미나 오포, 비보 등의 중국 업체가 큰 타격을 받았다. 기가 꺾인 소비자의 수요와 인플레이션 및 경제적 불확실성이 주된 원인으로 분석된다.?
?


ID...",판매실적,샤오미,구매욕,2023.01.30
https://www.itworld.co.kr/t/55049/%EA%B8%80%EB%A1%9C%EB%B2%8C+%ED%8A%B8%EB%A0%8C%EB%93%9C/275137,https://www.itworld.co.kr/files/ciokr/2023/01/GettyImages-1405612460.300x240.jpg,"인텔, 작년 4분기 매출 32% 급감?“올 1분기도 낙관적이지 않다”","PC 시장이 수십 년 만에 최악의 침체를 지속하면서 인텔의 두 사업부가 회계연도 2022년 4분기 큰 타격을 입었다.?회사에 따르면 PC 및 서버칩의 판매 부진으로 인텔의 회계연도 2022년 4분기 매출이 전년 동기 대비 32% 감소했으며, ...",인텔,PC,컴퓨터,2023.01.31
https://www.itworld.co.kr/t/55049/%EA%B8%80%EB%A1%9C%EB%B2%8C+%ED%8A%B8%EB%A0%8C%EB%93%9C/275143,https://www.itworld.co.kr/files/itworld/numbers/AP-IDC_Jan2023.300x240.jpg,"한국IDC, 2023년 아태지역 중소기업 및 디지털 네이티브 기업 10대 전망 공개","한국IDC는 최근 ‘IDC 퓨처스케이프: 2023년 전 세계 중소 기업 및 디지털 네이티브 기업 전망?아시아 태평양 지역(일본 제외) 시사점’ 보고서를 발간했다고 밝혔다.?

IDC는 이번 보고서에서 2026년까지 중소기업의 1/3이 인력 부...",한국IDC,,,2023.01.31
https://www.itworld.co.kr/t/55049/%EA%B8%80%EB%A1%9C%EB%B2%8C+%ED%8A%B8%EB%A0%8C%EB%93%9C/275491,https://www.itworld.co.kr/files/itworld/ITW_202301_02/environ.300x240.jpg,"“기술 소싱 선도 업체의 70%, 환경적 지속 가능성 관리 위한 목표 세울 것” 가트너 발표","가트너가 2026년까지 기술 소싱, 구매 및 벤더 관리(Sourcing, procurement and vendor management, 이하 SPVM) 선도 업체의 70%가 환경적 지속 가능성에 부합하는 성과 목표를 갖게 될 것이라는 예측을 발표했다....",가트너,,,2023.02.01
https://www.itworld.co.kr/t/55049/%EA%B8%80%EB%A1%9C%EB%B2%8C+%ED%8A%B8%EB%A0%8C%EB%93%9C/275563,https://www.itworld.co.kr/files/itworld/ITW_202301_02/GettyImages-1333775632.300x240.jpg,“외부 전력 없이 수소 전지로 자급자족” 한 스타트업의 야심 찬 데이터센터 계획,"신생기업 ECL이 혁신적인 데이터센터 설계를 차근차근 실현해 가고 있다. 외부 전력과 물을 일절 사용하지 않고 수소로 가동되는 모듈러 데이터센터라는 야심 찬 구상이다.
?


ECL이 구상하는 데이터센터의 핵심은 외부에서 끌어온 전력을 사용하...",수소,데이터센터,ECL,2023.02.01
https://www.itworld.co.kr/t/55049/%EA%B8%80%EB%A1%9C%EB%B2%8C+%ED%8A%B8%EB%A0%8C%EB%93%9C/275569,https://www.itworld.co.kr/files/itworld/ITW_202302_01/GettyImages-1177409016.300x240.jpg,통근 시간 사라지면? “그만큼 일한다” 전미경제연구소 조사,"원격 근무가 허용되면 직원은 새로 확보한 사무실 통근 시간을 업무에 활용한다는 연구 결과가 공개됐다.

전미경제연구소(NBER)에서 수행한 ‘글로벌 근무 방식 설문조사(Global Survey of Working Arrangements, G-SWA)’...",재택근무,통근,유연근무,2023.02.01
https://www.itworld.co.kr/t/55049/%EA%B8%80%EB%A1%9C%EB%B2%8C+%ED%8A%B8%EB%A0%8C%EB%93%9C/275605,https://www.itworld.co.kr/files/itworld/ITW_202302_01/0201_sales.300x240.PNG,"세일즈포스, 글로벌 영업 트렌드 보고서 발간...“경기 침체로 적당한 성장 위한 저위험 영업 전략 선호”","세일즈포스가 5번째 글로벌 영업 트렌드 보고서 ‘스테이트 오브 세일즈(State of Sales)’를 발간했다. 이번 보고서는 2022년 8월 24일부터 2022년 9월 30일까지 북미, 라틴 아메리카, 아시아 태평양 및 유럽 전역의 다양한 영업 전문...",세일즈포스,,,2023.02.01
https://www.itworld.co.kr/t/55049/%EA%B8%80%EB%A1%9C%EB%B2%8C+%ED%8A%B8%EB%A0%8C%EB%93%9C/275635,https://www.itworld.co.kr/files/itworld/ITW_202302_01/m2-GettyImages-1400657725.300x240.jpg,"“페이팔도 칼 들었다” 직원 2,000명 감원…전체 직원 7% 수준","페이팔이 직원 2,000명을 해고할 예정이라고 밝혔다. 전체 직원의 약 7%에 해당한다.?페이팔 CEO 댄 슐만은 지난 1년 동안 “도전적인 거시 경제 환경을 해결하는 데 상당한 진전을 이뤘다. 하지만 해야 할 일이 더 많다”라며, “변화를 ...",페이팔,해고,구글,2023.02.02
https://www.itworld.co.kr/t/55049/%EA%B8%80%EB%A1%9C%EB%B2%8C+%ED%8A%B8%EB%A0%8C%EB%93%9C/275653,https://www.itworld.co.kr/files/itworld/ITW_202302_01/m2-GettyImages-1405936418.300x240.jpg,"인텔, 임직원 임금 삭감 “PC 및 칩 수요 부진에 대응”",지난 2022년 4분기 두 자릿수 매출 감소를 기록한 인텔이 올해 직원 급여를 전사적으로 삭감한다. 1일(현지시간) 인텔은 급여 삭감 가능성에 대한 언론 보도에 대해 “거시 경제의 역풍을 헤쳐 나가고 전반적인 비용 절감을 위해 노력”하기 위해 2023...,인텔,급여,임금삭감,2023.02.02
https://www.itworld.co.kr/t/55049/%EA%B8%80%EB%A1%9C%EB%B2%8C+%ED%8A%B8%EB%A0%8C%EB%93%9C/275671,https://www.itworld.co.kr/files/itworld/ITW_202302_01/0202_dlt1.300x240.300x240.png,"한국 딜로이트 그룹, ‘사이버의 미래 2023 서베이’ 리포트 국문본 공개","한국 딜로이트 그룹은 최근 단순한 보안을 넘어 기업 성장의 원동력으로 발돋움하고 있는 사이버에 대한 현황과 방향성을 제시하는 ‘사이버의 미래 2023 서베이’ 보고서의 국문본을 발행했다.
?


딜로이트 글로벌이 20개 국가 기업의 사이버 관...",한국 딜로이트 그룹,,,2023.02.02
https://www.itworld.co.kr/t/55049/%EA%B8%80%EB%A1%9C%EB%B2%8C+%ED%8A%B8%EB%A0%8C%EB%93%9C/275731,https://www.itworld.co.kr/files/itworld/ITW_202301_02/B_SEQUENCEOpenMore_4000px.300x240.jpg,"전 애플 디자인 책임자가 내놓은 의외의 제품, 자선행사용 ‘빨간 코’","아이폰, 아이맥을 만든 전 애플 최고 디자이너 조니 아이브가 다시 디자인 영역으로 복귀했다. 그런데 예상치 못한 제품을 통해서다. 바로 영국의 자선 단체인 코믹 릴리프(Comic Relief)의 행사에 쓰일 '빨간 코'다.

코믹 릴리프는 영국에서 열...",레드 노우즈,빨간 코,코믹 릴리프,2023.02.02
https://www.itworld.co.kr/t/55049/%EA%B8%80%EB%A1%9C%EB%B2%8C+%ED%8A%B8%EB%A0%8C%EB%93%9C/275881,https://www.itworld.co.kr/files/itworld/ITW_202302_01/3dscomko_02.300x240.jpg,“버추얼 트윈으로 조화로운 제조 경험 25년” 다쏘시스템코리아 2023 비전 발표,"다쏘시스템코리아가 2일 한국지사 설립 25주년을 맞이해 한국 제조 산업과 함께 성장한 지난 시간을 돌아보고 2023년 전략과 비전을 발표했다.?

다쏘시스템 아시아태평양지역 총괄 사장 삼손 카우는 다쏘시스템이 1981년 이후 3D 디자인, 디...",다쏘시스템,다쏘시스템코리아,디지털트윈,2023.02.02
https://www.itworld.co.kr/t/55049/%EA%B8%80%EB%A1%9C%EB%B2%8C+%ED%8A%B8%EB%A0%8C%EB%93%9C/275971,https://www.itworld.co.kr/files/ciokr/2023/02/GettyImages-1174417314.300x240.jpg,"대퇴직 1년, 퇴사자 81% “직장 그만둔 결정에 만족한다”","팬데믹 기간 동안 수천만 명이 직장을 그만뒀다. 이는 지금도 계속되고 있다. 최신 설문조사 결과에 따르면 퇴사자들은 떠나기로 한 결정에 후회가 없는 것으로 나타났다.

팬데믹이 시작된 이후, 미국에서 수천만 명이 퇴사했다. 이른바 ‘대퇴직(Great ...",대퇴직,대퇴사,인재 경쟁,2023.02.03
https://www.itworld.co.kr/t/55049/%EA%B8%80%EB%A1%9C%EB%B2%8C+%ED%8A%B8%EB%A0%8C%EB%93%9C/276001,https://www.itworld.co.kr/files/itworld/ITW_202302_01/apple-logo-1983-100937095-large.300x240.jpg,"애플 하드웨어 디자인, 디자이너 그룹 집단 체제 전환",1998년 스티브 잡스가 아이맥을 고급 사용자에게 소개한 이후 애플 하드웨어 설계 책임자는 가장 중요하고 권위 있는 자리였다. 이제 핵심 정책이 바뀌면서 2019년 이후 제품 설계 황제의 권좌를 지켜 온 에반스 행키의 후임 대체자를 지명하지 않기로 결...,조니에반스,아이패드,스튜디오디스플레이,2023.02.03
https://www.itworld.co.kr/t/55049/%EA%B8%80%EB%A1%9C%EB%B2%8C+%ED%8A%B8%EB%A0%8C%EB%93%9C/276055,https://www.itworld.co.kr/files/itworld/ITW_202302_01/MicrosoftTeams-image%20(1).300x240.jpg,"네이버, 4분기 실적 발표···“매출액 2조, 영업이익 3,365억...콘텐츠 분야 성장률 높아”","네이버가 2022년 4분기에 매출액 2조 2,717억 원, 영업이익 3,365억 원, 조정 EBITDA 4,866억 원을 각각 기록했다고 밝혔다.?
?


4분기 연결 매출액은 전년동기 대비 17.8%, 전분기 대비 10.4% 성장한...",네이버,4분기,매출,2023.02.03
https://www.itworld.co.kr/t/55049/%EA%B8%80%EB%A1%9C%EB%B2%8C+%ED%8A%B8%EB%A0%8C%EB%93%9C/276079,https://www.itworld.co.kr/files/itworld/ITW_202302_01/harba_valleydata.300x240.png,"인터체인 플랫폼 하바, 새로운 밸리데이터로 하이퍼리즘, 코인니스 합류","인터체인 NFT 플랫폼 하바에서 새로운 밸리데이터(블록체인상에 기록되는 거래 내역을 확인하는 주체)를 공개했다. 하이퍼리즘과 코인니스다.?
?


1일 진행한 하바드롭스데이 AMA LIVE를 통해 공개된 정보에 따르면 하이퍼리즘과 코...",인터체인 플랫폼 하바,새로운 밸리데이터로 하이퍼리즘,코인니스 합류,2023.02.03
https://www.itworld.co.kr/t/55049/%EA%B8%80%EB%A1%9C%EB%B2%8C+%ED%8A%B8%EB%A0%8C%EB%93%9C/276085,https://www.itworld.co.kr/files/itworld/ITW_202302_01/m3-GettyImages-474329686.300x240.jpg,아무도 알려주지 않는 ChatGPT에 대한 놀라운 사실 6가지,"모두가 ChatGPT에 대해 이야기한다. ChatGPT는 사람처럼 시와 산문, 심지어 소프트웨어 코드까지 쓰는 오픈AI(OpenAI) 툴이다.

ChatGPT과 관련한 대화는 대부분 놀라움, 두려움, 경고로 이어진다. ChatGPT가 할 수 있는 것에...",ChatGPT,오픈AI,생성형AI,2023.02.03
https://www.itworld.co.kr/t/55049/%EA%B8%80%EB%A1%9C%EB%B2%8C+%ED%8A%B8%EB%A0%8C%EB%93%9C/276151,https://www.itworld.co.kr/files/ciokr/2023/02/GettyImages-1388742342.300x240.jpg,채용 중단한 IT 일자리 보니?“대부분 관리직과 비기술직”,불확실한 거시 경제 상황과 기술 기업 전반의 비용 절감으로 IT 일자리도 줄어들고 있다.?경영 컨설팅 업체 얀코 어소시에이츠(Janco Associates)의 보고서에 따르면 미국 IT 채용 시장에서 10만 개 이상의 미충원 일자리가 예기치 ...,얀코 어소시에이츠,IT 채용,,2023.02.06
https://www.itworld.co.kr/t/55049/%EA%B8%80%EB%A1%9C%EB%B2%8C+%ED%8A%B8%EB%A0%8C%EB%93%9C/276349,https://www.itworld.co.kr/files/itworld/ITW_202301_02/m7-solen-feyissa-UWVJaDvXW_c-unsplash.300x240.jpg,"“ChatGPT 게 섰거라” 구글, 대화형 AI 서비스 바드 공개","최근 ChatGPT와 같은 대화형 AI 서비스가 IT 뉴스를 도배하고 있다. 대화형 AI 서비스는 의학적 질문에 대한 답을 원하든, 실존주의에 관한 유용한 800단어 분량 에세이를 원하든 인터넷 전반의 정보를 흡수해 놀랍도록 인간적인 콘텐츠를 생성한다...",구글,ChatGPT,바드,2023.02.07
https://www.itworld.co.kr/t/55049/%EA%B8%80%EB%A1%9C%EB%B2%8C+%ED%8A%B8%EB%A0%8C%EB%93%9C/276367,https://www.itworld.co.kr/files/itworld/ITW_202301_02/0207_1_dell-laptop-logo-100937234-large.300x240.jpg,"""끝나지 않는 겨울"" 델, 6,500명 감원 발표","델이 6일(현지 시간) 6,550명의 감원을 발표했다. IT 분야 대기업에서의 도미노 같은 구조조정 여파의 일환이다. 로이터 통신에 따르면 이번 감원 규모는 델의 전체 임직원 13만 3,000명의 5%에 해당한다.?
?


델을 포함...",감원,구조조정,델,2023.02.07
https://www.itworld.co.kr/t/55049/%EA%B8%80%EB%A1%9C%EB%B2%8C+%ED%8A%B8%EB%A0%8C%EB%93%9C/276373,https://www.itworld.co.kr/files/ciokr/2023/02/manufacturing_revolution.300x240.jpeg,인터뷰 | “제조업에도 AI 돌풍” IT-OT 융합의 중심에 선 CIO들,"오늘날 제조업계는 제2의 부흥기를 맞고 있다고 해도 과언이 아니다. IT 기술과의 융합 덕분이다. 이런 변화의 중심에 서 있는 美 제조업체의 CIO들이 제조업의 미래에 대해 얘기했다.?
?


킴 매큰로스는 미국의 산업복합기업 텍스트...",IT-OT융합,제조업,제조혁신,2023.02.07
https://www.itworld.co.kr/t/55049/%EA%B8%80%EB%A1%9C%EB%B2%8C+%ED%8A%B8%EB%A0%8C%EB%93%9C/276499,https://www.itworld.co.kr/files/itworld/ITW_202302_01/Gartner_logo.300x240.300x240.jpg,가트너 “상위 10대 반도체 고객사 2022년 칩 구매액 7.6% 감소..삼성은 반도체 소비 늘려”,"시장조사 업체 가트너가 실시한 예비조사에 따르면, 상위 10대 글로벌 OEM 기업들의 2022년 반도체 칩 지출액이 7.6% 줄어, 전체 시장의 37.2%를 차지하는데 그친 것으로 나타났다. 전 세계 인플레이션과 경기 침체의 압력으로 2022년 PC및...",가트너,반도체,소비,2023.02.07
https://www.itworld.co.kr/t/55049/%EA%B8%80%EB%A1%9C%EB%B2%8C+%ED%8A%B8%EB%A0%8C%EB%93%9C/276619,https://www.itworld.co.kr/files/ciokr/2023/02/GettyImages-1426364963.300x240.jpg,블로그ㅣ해고 폭풍 속에 있는 IT 전문가를 위한 조언,"IT 업계가 도처에서 일자리를 줄이고 있긴 하지만, 농기계부터 헬스케어, 소매, 금융 서비스까지 모든 산업에는 여전히 IT 인재가 필요하다.?

최근 IT 업계는 정확하게는 지난 1년 동안?20만 명 이상이 해고됐고, 커리어에 있어서...",기술 일자리,기술 전문가,기술 채용,2023.02.08
https://www.itworld.co.kr/t/55049/%EA%B8%80%EB%A1%9C%EB%B2%8C+%ED%8A%B8%EB%A0%8C%EB%93%9C/277177,https://www.itworld.co.kr/files/itworld/ITW_202302_01/GettyImages-1360568955.300x240.jpg,“빗나간 카운터 펀치” 구글 파리 행사가 흐지부지한 이유,"구글이 마이크로소프트와의 AI 경쟁에서 유리한 위치를 선점할 기회를 놓쳤다. 기대를 모았던 2월 8일 파리 행사에서 구글은 최근 발표한 대화형 봇 바드(Bard)에 대해 이미 알려진 정보 외에는 새로운 것을 아무것도 보여주지 못했다.
?


...",구글,바드,Bard,2023.02.10
https://www.itworld.co.kr/t/55049/%EA%B8%80%EB%A1%9C%EB%B2%8C+%ED%8A%B8%EB%A0%8C%EB%93%9C/277321,https://www.itworld.co.kr/files/itworld/ITW_202302_01/m13-GettyImages-1327213432.300x240.jpg,글로벌 칼럼 | 재택근무 직원을 감시하고 통제할 필요가 전혀 없는 이유,"원격 근무 직원을 사무실로 강제 복귀시켜야 하는지에 대한 논쟁은 애초에 잘못된 믿음에 근거한다.?
?


필자는 최근 틱톡에서 태업과 관련한 영상을 봤다. 틱톡커 다니엘 에즈라는 “진정한 업무 유연성은 주당 80시간 일하는 것이 아니...",재택근무,하이브리드업무환경,주4일근무제,2023.02.13
https://www.itworld.co.kr/t/55049/%EA%B8%80%EB%A1%9C%EB%B2%8C+%ED%8A%B8%EB%A0%8C%EB%93%9C/277381,https://www.itworld.co.kr/files/itworld/ITW_202302_01/m13-GettyImages-1462795254.300x240.jpg,글로벌 칼럼 | 중국의 ‘정찰 풍선’이 가로챌 수 있는 정보 유형,"최근 캐나다와 미국 상공으로 날아들었다가 미국 남동부 해안에서 격추된 중국 정찰 풍선을 둘러싼 소동이 많은 뒷이야기와 궁금증을 낳고 있다. 중국의 지정학적 공작이므로 그 이상 신경 쓸 필요가 없다는 주장도 있지만, 필자는 이 사건이 잠재적인 적대국에 ...",중국,스파이,정찰풍선,2023.02.13
https://www.itworld.co.kr/t/55049/%EA%B8%80%EB%A1%9C%EB%B2%8C+%ED%8A%B8%EB%A0%8C%EB%93%9C/277525,https://www.itworld.co.kr/files/itworld/ITW_202302_01/0214_aura.300x240.jpg,"아이언소스, 2023년 모바일 마케팅 전망 발표","아이언소스가 앱 및 게임 관련 종사자들을 위해 ‘2023년 모바일 마케팅 전망’을 발표했다. 새로운 한 해를 시작하며 현재까지의 모바일 마케팅 분야를 살펴보면, 혁신의 속도는 빠르게 진화하는 시장 변화 속도만큼 빠르며, 시장의 니즈에 따라 새롭고 혁신...",아이언소스,,,2023.02.14
https://www.itworld.co.kr/t/55049/%EA%B8%80%EB%A1%9C%EB%B2%8C+%ED%8A%B8%EB%A0%8C%EB%93%9C/277537,https://www.itworld.co.kr/files/ciokr/2023/02/GettyImages-1327071002.300x240.jpg,블로그ㅣ새롭게 막 오른 MS와 구글의 ‘검색 전쟁’,최근 마이크로소프트가 검색에 큰 영향을 미칠 ‘생성형 AI’에 진출하면서 구글의 허를 찔렀다.?약 20년 전 ‘웹 브라우저’의 미래에 대해 구글이 마이크로소프트의 허를 찔렀던 때와 유사하다. 두 상황의 유사성을 고려한다면 구글은 제대로 준비해...,마이크로소프트,구글,검색,2023.02.14
https://www.itworld.co.kr/t/55049/%EA%B8%80%EB%A1%9C%EB%B2%8C+%ED%8A%B8%EB%A0%8C%EB%93%9C/277597,https://www.itworld.co.kr/files/itworld/ITW_202302_01/GettyImages-1429032924.300x240.jpg,“일반 검색보다 5배 많은 전기 사용” 생성형 AI가 기후에 미치는 영향,"오픈AI의 ChatGPT를 빙 검색엔진에 통합하면서 마이크로소프트는 이미 졌다고 여겼던 검색엔진 시장의 경쟁을 재개할 모양새다. 하지만 전세계 검색 시장의 90%를 차지하고 있는 구글 역시 대화형 챗봇 바드(Bard)로 반격했다.

양사의 경쟁이 누구...",생성형AI,ChatGPT,바드,2023.02.14
https://www.itworld.co.kr/t/55049/%EA%B8%80%EB%A1%9C%EB%B2%8C+%ED%8A%B8%EB%A0%8C%EB%93%9C/277771,https://www.itworld.co.kr/files/itworld/ITW_202302_01/adobe_trends_2023_feb_1.300x240.jpg,"어도비, 2023 디지털 트렌드 보고서 발표…“콘텐츠 전략 강화하려면 협업 및 워크플로우 개선 필요”","어도비가 2023 디지털 트렌드 보고서를 발표했다. 지난 13년 간 기업의 마케팅 및 IT 우선순위를 이끌 트렌드를 제시해 온 이 글로벌 보고서는 9,000명 이상의 전 세계 기업 경영진, 실무자 및 에이전시 직원을 대상으로 진행한 조사를 바탕으로, ...",어도비,,,2023.02.15
https://www.itworld.co.kr/t/55049/%EA%B8%80%EB%A1%9C%EB%B2%8C+%ED%8A%B8%EB%A0%8C%EB%93%9C/278017,https://www.itworld.co.kr/files/ciokr/2023/02/GettyImages-516249391.300x240.jpg,"“5개월 만에 또…” 트윌리오, 약 17% 추가 감원",클라우드 기반 커뮤니케이션 플랫폼 기업 트윌리오(Twilio)가 800명 이상의 직원을 감원한 지 불과 5개월 만에 2차 정리해고 계획을 발표했다. 전체 인력의 약 17%가 해고될 예정이다. 아울러 트윌리오 커뮤니케이션즈(Twilio Communica...,정리해고,구조조정,경기침체,2023.02.16
https://www.itworld.co.kr/t/55049/%EA%B8%80%EB%A1%9C%EB%B2%8C+%ED%8A%B8%EB%A0%8C%EB%93%9C/278287,https://www.itworld.co.kr/files/itworld/ITW_202302_01/GettyImages-499887536.300x240.jpg,"""학위보다 실력"" 링크드인이 뽑은 2023년 구직에 가장 필요한 기술 10가지","링크드인이 기업이 직원 모집, 구직 공고, 채용 과정에서 최우선시하는 기술 목록을 공개했다.

링크드인은 보고서에서 “현재 링크드인에서는 정리해고 같은 화제가 유행하고 있으며, 불황과 관련된 대화가 지난해 이후 거의 900% 늘어났다. 전 세계 링크드...",구직,구인,채용,2023.02.17
https://www.itworld.co.kr/t/55049/%EA%B8%80%EB%A1%9C%EB%B2%8C+%ED%8A%B8%EB%A0%8C%EB%93%9C/278377,https://www.itworld.co.kr/files/itworld/ITW_202302_01/GettyImages-942616190.300x240.jpg,UEM에 DEX가 추가되는 이유 “원격근무 대응ㆍ솔루션 가격 방어”,그동안 엔터프라이즈 모빌리티 전략의 중요한 구성요소로써 통합 엔드포인트 관리(UEM)의 미래에 대해 의구심이 없었던 것은 아니다. 그러나 이제는 하이브리드 및 원격 근무 모델로의 전환이 자리를 잡으면서 이런 의심은 완전히 불식됐다. 이제 UEM은 기업...,UEM,DEX,통합 엔드포인트 관리,2023.02.20
https://www.itworld.co.kr/t/55049/%EA%B8%80%EB%A1%9C%EB%B2%8C+%ED%8A%B8%EB%A0%8C%EB%93%9C/278395,https://www.itworld.co.kr/files/itworld/ITW_202302_02/GettyImages-1265032476.300x240.jpg,"EU 의회 위원회 ""EU 미국 간 데이터 프라이버시 프레임워크 너무 모호해""","유럽연합의 시민 자유, 정의, 내무 위원회(LIBE)가 유럽연합 집행위원회(EC)에 EU와 미국간 데이터 프라이버시 프레임워크 안을 거부할 것을 권했다. EU-미국 데이터 프라이버시 프레임워크는 미국 기업이 다루는 유럽연합 거주민 개인정보를 관장하는 ...",EU,유럽연합,GDPR,2023.02.20
https://www.itworld.co.kr/t/55049/%EA%B8%80%EB%A1%9C%EB%B2%8C+%ED%8A%B8%EB%A0%8C%EB%93%9C/278431,https://www.itworld.co.kr/files/itworld/ITW_202302_01/Deloitte_tmt_2023.300x240.jpg,"한국 딜로이트 그룹, ‘딜로이트 전문가가 분석하는 첨단기술·미디어·통신산업 2023’ 발간","한국 딜로이트 그룹은 딜로이트 글로벌 전문가 그룹과 국내 산업 전문가 파트너들의 협업으로 완성된 특집호 ‘딜로이트 전문가가 분석하는 첨단기술·미디어·통신산업 2023(Technology, Media & Telecommunications 2023...",한국 딜로이트 그룹,,,2023.02.20
https://www.itworld.co.kr/t/55049/%EA%B8%80%EB%A1%9C%EB%B2%8C+%ED%8A%B8%EB%A0%8C%EB%93%9C/279115,https://www.itworld.co.kr/files/itworld/ITW_202302_02/0223_CIO1.300x240.png,"“디지털 인프라, 2027년까지 기업 매출의 38% 창출해” 레노버-AMD 보고서","레노버는 AMD와 함께 ‘CIO 테크놀로지 플레이북 2023(CIO Technology Playbook 2023)’ 보고서를 발표했다. 이번 보고서는 오늘날 데이터 중심 경제에서 CIO가 생각하는 주요 비즈니스 기회 및 과제, 우려 사항 등을 면밀히 ...",레노버,AMD,,2023.02.23
https://www.itworld.co.kr/t/55049/%EA%B8%80%EB%A1%9C%EB%B2%8C+%ED%8A%B8%EB%A0%8C%EB%93%9C/279235,https://www.itworld.co.kr/files/ciokr/2023/02/GettyImages-1199935242.300x240.jpg,"英 주4일제 6개월 실험 결론… 기업 92% ""계속 유지""","전 세계 최대 규모의 주4일제 실험이 이번 주 종료됐다. 참가 기업의 92%는 장점이 너무 명확해 주4일제를 계속 유지할 계획이라고 밝혔다.?

영국의 61개 기업과 약 3,000명의 직원이 참여해 지난 2022년 6월부터 12월까지 진행된 ...",주4일제,주4일 근무제,웰빙,2023.02.24
https://www.itworld.co.kr/t/55049/%EA%B8%80%EB%A1%9C%EB%B2%8C+%ED%8A%B8%EB%A0%8C%EB%93%9C/279367,https://www.itworld.co.kr/files/itworld/ITW_202302_02/GettyImages-1194623672.300x240.jpg,업체 종속과 데이터 중력 함정을 피하는 4가지 방법,"오늘날 기업은 경쟁력을 유지하기 위해 항상 혁신해야 한다. 그러나 혁신을 위해 필요한 기술을 도입하는 과정은 쉽지 않다. 여러 이유가 있지만 기업의 IT가 특정 업체의 기술에 종속(lock-in)된 경우가 많다.
?


여기서 종속이란 기업이...",업체 종속,벤더 록인,데이터 중력,2023.02.24
https://www.itworld.co.kr/t/55049/%EA%B8%80%EB%A1%9C%EB%B2%8C+%ED%8A%B8%EB%A0%8C%EB%93%9C/279397,https://www.itworld.co.kr/files/itworld/ITW_202302_02/Numbers2302.300x240.jpg,[ITWorld 넘버스] “대퇴직 vs. 대해고” 숫자로 본 노동시장 권력 지형,최근 미국 노동시장의 변화는 관심을 갖고 들여다 볼 필요가 있다. 일단 '대퇴직'과 '대해고'가 주도하는 겉모습은 의미를 읽어내기가 수월하다. 구직자 주도의 노동시장 혹은 그 반대를 뜻한다. 반면 겉모습 이면의 숫자는 당혹스럽다. 일관된 경향성은 고사...,대퇴직,대해고,,2023.02.24
https://www.itworld.co.kr/t/55049/%EA%B8%80%EB%A1%9C%EB%B2%8C+%ED%8A%B8%EB%A0%8C%EB%93%9C/279559,https://www.itworld.co.kr/files/itworld/ITW_202302_02/GettyImages-1353682914.300x240.jpg,블로그 | ‘버즈워드 지향’ 아키텍처에 점령 당한 클라우드,"현재 IT 업계를 주도하는 것이 바로 버즈워드(Buzzwords, 신조어 혹은 유행어를 뜻함)다. 과거에 항상 그랬고 앞으로도 아마 마찬가지일 것이다. 구조화된 프로그래밍을 하든 객체 지향 프로그래밍을 하든, 클라이언트/서버를 다루든, 분산 객체나 엔...",BOA,버즈워드 지향 아키텍처,유행어,2023.02.27
https://www.itworld.co.kr/t/55049/%EA%B8%80%EB%A1%9C%EB%B2%8C+%ED%8A%B8%EB%A0%8C%EB%93%9C/279667,https://www.itworld.co.kr/files/itworld/ITW_202302_02/Deview_2023_1.300x240.JPG,"“한국의 ChatGPT 자리 노린다” 네이버, 누구나 사용할 수 있는 초거대AI ‘하이퍼클로바X’ 공개",네이버가 27일 열린 개발자 행사 데뷰(DEVIEW) 2023에서 초거대규모 AI 기술 투자 및 연구 결과에 대해 공유하며 계열사 중 하나인 네이버클라우드를 AI 전환을 이끄는 하이퍼스케일 기술 기업으로 전환하겠다는 포부를 밝혔다. 동시에 초거대 AI...,데뷰2023,네이버,하이퍼클로바X,2023.02.27
https://www.itworld.co.kr/t/55049/%EA%B8%80%EB%A1%9C%EB%B2%8C+%ED%8A%B8%EB%A0%8C%EB%93%9C/279715,https://www.itworld.co.kr/files/itworld/ITW_202302_02/m28-ravi-sharma-RnW1taVZqm8-unsplash.300x240.jpg,"트위터, IT 직군 포함한 직원 10% ‘은밀히’ 추가 해고","뉴욕타임스에 따르면, 지난 주말 트위터가 인력의 약 10%를 해고했다. 해고한 인력에는 플랫폼 기능 유지를 담당하는 직원까지 포함됐다.
?


보도에 따르면, 트위터는 데이터 과학자와 프로덕트 매니저, 엔지니어와 같이 사이트 안정성과 같은 문...",트위터,정리해고,,2023.02.28
https://www.itworld.co.kr/t/55049/%EA%B8%80%EB%A1%9C%EB%B2%8C+%ED%8A%B8%EB%A0%8C%EB%93%9C/279733,https://www.itworld.co.kr/files/ciokr/2023/02/GettyImages-1214111373.300x240.jpg,"“기업 61%, 신제품 전략 수립에 데이터 안 쓴다”","세일즈포스의 최신 보고서(Untapped Data Research)에 따르면 전 세계 비즈니스 리더의 대다수가 전략적 비즈니스 의사결정에 데이터를 활용하지 않는다.?
?


이번 설문조사에 참여한 전 세계 1만 명 이상의 비즈니스 리...",비즈니스 의사결정,데이터,데이터 활용,2023.02.28
https://www.itworld.co.kr/t/55049/%EA%B8%80%EB%A1%9C%EB%B2%8C+%ED%8A%B8%EB%A0%8C%EB%93%9C/279943,https://www.itworld.co.kr/files/itworld/ITW_202302_02/GettyImages-1351315489.300x240.jpg,“전통적인 일자리는 이미 구식” 딜로이트 인적 자원 트렌드 2023,"딜로이트의 최근 조사에 참여한 전 세계 경영진에 따르면, 미래는 업무 성과와 기술력이 더 중요하고 전통적인 업무 모델은 덜 중요해진다. 또한 기업은 더 유연하고 새로운 방식을 기꺼이 도입할 것이다.

딜로이트의 새로운 보고서 ‘2023 인적 자본 트렌...",딜로이트,인적자원,인력,2023.02.28
https://www.itworld.co.kr/t/55049/%EA%B8%80%EB%A1%9C%EB%B2%8C+%ED%8A%B8%EB%A0%8C%EB%93%9C/280189,https://www.itworld.co.kr/files/ciokr/2023/02/GettyImages-508399085.300x240.jpg,“가방끈 말고 능력만 본다” 역량 기반 채용하는 기업들,"미국의 점점 더 많은 기업(그리고 기관)이 대학 학위를 뒤로 하고 경력, 자격증, 평가, 추천 등을 강조하는 역량 기반의 채용 접근법을 취하고 있다.?맥킨지앤컴퍼니에 따르면 보잉, 월마트, IBM을 비롯한 여러 대기업이 리워크 아메리카 얼라이...",IT 채용,IT 일자리,IT 스킬,2023.03.02
https://www.itworld.co.kr/t/55049/%EA%B8%80%EB%A1%9C%EB%B2%8C+%ED%8A%B8%EB%A0%8C%EB%93%9C/280411,https://www.itworld.co.kr/files/itworld/ITW_202303_01/GettyImages-1385137928.300x240.jpg,글로벌 칼럼 | 디지털 트윈이 메타버스보다 2배는 중요한 이유,"페이스북은 약 1년 반 전에 “메타버스”에 사운을 걸었다. 사명을 메타(Meta)로 바꾸고, 소셜 미디어 이후에 다가올 세계를 주도하기 위해 이 무모한 시도에 막대한 자금을 쏟아붓기 시작했다. 하지만 현재 메타는 메타버스에 대한 투자와 흥분이 전반적으...",디지털트윈,메타버스,스마트팩토리,2023.03.03
https://www.itworld.co.kr/t/55049/%EA%B8%80%EB%A1%9C%EB%B2%8C+%ED%8A%B8%EB%A0%8C%EB%93%9C/280471,https://www.itworld.co.kr/files/itworld/ITW_202303_01/GettyImages-1405374730.300x240.jpg,미국 반도체 규제에 중국도 ‘맞불’?YMTC에 190억 달러 대규모 투자,"중국 정부가 자국의 최대 메모리 칩 생산업체인 YMTC(Yangtze Memory Technologies Co)에 190억 달러를 추가로 투자한다. 현재 미국의 제재 때문에 어려움에 직면한 자국 반도체 업계를 지원하기 위해서다.
?


블룸버...",미국,반도체,중국,2023.03.06
https://www.itworld.co.kr/t/55049/%EA%B8%80%EB%A1%9C%EB%B2%8C+%ED%8A%B8%EB%A0%8C%EB%93%9C/280513,https://www.itworld.co.kr/files/itworld/ITW_202303_01/wechat-tiktok-ban-100858204-orig.300x240.jpg,“미국 정부 vs. 월드와이드웹” 틱톡 차단이 도움이 되지 않은 이유,"정부 전화와 시스템에서 틱톡을 금지하고 ""인터넷 트래픽이 바이트댄스에 전달되는 것을 방지""하겠다는 미국 정부의 계획이 예상치 못한 난관에 부딪힌 것으로 보인다. 기즈모도(Gizmodo)가 앱 분석 플랫폼 앱피겨스(AppFigures)와 함께 진행한 조...",틱톡,차단,미국연방정부,2023.03.06
https://www.itworld.co.kr/t/55049/%EA%B8%80%EB%A1%9C%EB%B2%8C+%ED%8A%B8%EB%A0%8C%EB%93%9C/280645,https://www.itworld.co.kr/files/itworld/ITW_202303_01/paychex-onboarding-improve-graphic-100937993-orig.300x240.jpg,"""오자마자 떠나는 신입직원, 왜?""…기업 직원 연수 재점검할 때","받는 교육이 부족하고 업무 환경과 단절된 인상을 받는다면, 질 좋은 신입 직원 연수 경험을 받은 경우보다 퇴사 가능성이 훨씬 높다는 연구 결과가 발표됐다. 흔히 신입 직원 연수, 교육 및 오리엔테이션을 가리켜 ‘온보딩(onboarding)’이라고 한다...",온보딩,오리엔테이션,신입직원,2023.03.06
https://www.itworld.co.kr/t/55049/%EA%B8%80%EB%A1%9C%EB%B2%8C+%ED%8A%B8%EB%A0%8C%EB%93%9C/280699,https://www.itworld.co.kr/files/itworld/ITW_202303_01/0307_om.300x240.jpg,"2022년 반도체 시장 하락세 보였지만.... 옴디아, 사상 최대 실적 기록","옴니아는 반도체 시장이 2022년에 총수익 5,957억 달러를 기록하며 사상 최고치를 기록했다고 3월 7일 밝혔다. 이는 2021년의 기록적인 수익인 5,928억 달러를 넘어선 수치다.

하지만 옴디아의 최신 연구에 따르면 반도체 시장은 4분기 연속 ...",옴디아,반도체,,2023.03.07
https://www.itworld.co.kr/t/55049/%EA%B8%80%EB%A1%9C%EB%B2%8C+%ED%8A%B8%EB%A0%8C%EB%93%9C/280807,https://www.itworld.co.kr/files/itworld/ITW_202303_01/0307_cloud1.300x240.PNG,"알리바바 클라우드, ‘2023년 아시아 차세대 클라우드 전략 보고서’ 발표","알리바바 클라우드가 ‘2023년 아시아 차세대 클라우드 전략 보고서’를 발표했다. 이번 보고서는 한국을 포함한 아시아 8개 국가 1,000명 이상의 IT 리더를 대상으로 시장조사업체 닐슨IQ와 함께 진행한 조사 데이터에 기반한다.
?


보고...",알리바바 클라우드,클라우드,아시아,2023.03.07
https://www.itworld.co.kr/t/55049/%EA%B8%80%EB%A1%9C%EB%B2%8C+%ED%8A%B8%EB%A0%8C%EB%93%9C/280957,https://www.itworld.co.kr/files/itworld/ITW_202303_01/GettyImages-1398869864.300x240.jpg,“느려져도 끊어지지 않는다” 복구 탄력성 검증 받는 우크라이나 인터넷,"우크라이나는 가혹한 전쟁 속에서 정보통신 기술이 계속 가동되도록 유지하는 벅찬 임무에 직면했다.

러시아의 우크라이나 침공 1년, 우크라이나의 전반적인 복구 역량과 도전 정신은 더욱 강해졌다. 하지만 통신과 인터넷 연결은 점점 더 어려운 과제에 직면하...",우크라이나,전쟁,인터넷,2023.03.07
https://www.itworld.co.kr/t/55049/%EA%B8%80%EB%A1%9C%EB%B2%8C+%ED%8A%B8%EB%A0%8C%EB%93%9C/281197,https://www.itworld.co.kr/files/itworld/ITW_202303_01/GettyImages-1401923432.300x240.jpg,"""ChatGPT로 단숨에 엑셀 전문가되기"" 엑셀용 AI 툴 5가지 비교","옆자리 동료가 버튼을 한 번 누르자 이달의 베스트셀러가 멋들어진 엑셀 차트로 표시된다. 아직 엑셀의 기본 기능에도 어려움을 겪는데, 다른 사람들은 어떻게 엑셀을 속속들이 알고 복잡한 수식도 척척 구현하는 것일까? 이제 그런 고민을 할 필요가 없다. A...",ChatGPT,엑셀,스프레드시트,2023.03.08
https://www.itworld.co.kr/t/55049/%EA%B8%80%EB%A1%9C%EB%B2%8C+%ED%8A%B8%EB%A0%8C%EB%93%9C/281203,https://www.itworld.co.kr/files/itworld/ITW_202303_01/keep-bing-weird-edit.300x240.jpg,"블로그ㅣMS의 빙 챗, 좀 이상하지만 괜찮은 녀석이 되려면","마이크로소프트의 ‘빙 챗(Bing Chat)’에는 문제가 있다. 이상하고, 불안정하며, 선정적인 답변을 할 수 있다는 것이다. 빙 검색(Bing Search)도 그랬던 적이 있으며, 마이크로소프트는 몇 년 전 세이프서치(SafeSearch)로 이 문제...",AI 챗봇,챗봇,ChatGPT,2023.03.08
https://www.itworld.co.kr/t/55049/%EA%B8%80%EB%A1%9C%EB%B2%8C+%ED%8A%B8%EB%A0%8C%EB%93%9C/281695,https://www.itworld.co.kr/files/itworld/ITW_202303_01/GettyImages-1472249314.300x240.jpg,“조용한 채용” 새로운 HR 트렌드로 부상,모든 기업에는 “소리없는 채용”이 있다. 하지만 대부분 기업은 기존 인력을 찾고 교육하고 재배치하는 과정을 아주 체계적으로 진행하지는 않는다. 가트너의 수석 디렉터 에밀리 로즈 맥레이는 가트너의 팟캐스트 세션을 통해 이런 방식이 잘못됐다고 지적한다. ...,조용한채용,보직변경,HR,2023.03.10
https://www.itworld.co.kr/t/55049/%EA%B8%80%EB%A1%9C%EB%B2%8C+%ED%8A%B8%EB%A0%8C%EB%93%9C/282169,https://www.itworld.co.kr/files/itworld/ITW_202303_01/GettyImages-536053929.300x240.jpg,"메타, 트위터 경쟁 서비스 “코드명 P92 개발 중”","일론 머스크가 인수한 이후 심각한 타격을 입은 트위터의 실용적인 대안을 찾는 많은 트위터 사용자의 바람이 실현될 것 같다. 하지만 상황은 예상과는 다르게 전개되고 있다. 여러 보도에 따르면, 페이스북의 모회사 메타가 텍스트 기반 콘텐츠를 위한 자체 앱...",트위터,메타,페이스북,2023.03.14
https://www.itworld.co.kr/t/55049/%EA%B8%80%EB%A1%9C%EB%B2%8C+%ED%8A%B8%EB%A0%8C%EB%93%9C/282211,https://www.itworld.co.kr/files/itworld/ITW_202303_01/GettyImages-940953880.300x240.jpg,"2,130억 달러 오가는 ‘쩐의 전쟁’, 중앙은행 디지털 화폐(CBDC)의 현황과 전망","중앙은행 디지털 화폐(Central Bank Digital Currency; CBDC)가 상용화되기까지 아직 해결해야 할 과제가 산적해 있지만, 114개 국가에서 계획 단계 또는 시범 운영 단계의 다양한 프로젝트를 추진하고 있다.?

주니퍼 ...",중앙은행 디지털 화폐,CBDC,디지털 지갑,2023.03.14
https://www.itworld.co.kr/t/55049/%EA%B8%80%EB%A1%9C%EB%B2%8C+%ED%8A%B8%EB%A0%8C%EB%93%9C/282313,https://www.itworld.co.kr/files/itworld/ITW_202303_01/GettyImages-160138165.300x240.jpg,글로벌 칼럼 | ‘SVB 파산’ 사태는 누구의 책임일까,"미국 캘리포니아 산타 클라라에 있는 SVB(Silicon Valley Bank)는 자사를 '혁신 경제의 금융 파트너'라고 불렀다. 수신고가 3,420억 달러 이상이었고 이 중에는 유명 벤처 캐피탈과 스타트업, IT 기업의 자금도 있었다.
?
...",SVB,뱅크런,,2023.03.15
https://www.itworld.co.kr/t/55049/%EA%B8%80%EB%A1%9C%EB%B2%8C+%ED%8A%B8%EB%A0%8C%EB%93%9C/282367,https://www.itworld.co.kr/files/itworld/ITW_202303_01/m15-levart_photographer-7q-kE4SZzvQ-unsplash.300x240.jpg,"“인간 같은 인지력으로 ‘환각 현상’ 개선한다” 오픈AI, GPT-4 출시","ChatGPT 개발사 오픈AI(OpenAI)가 자연어 처리용 컴퓨터 프로그램의 최신 버전인 GPT-4를 공개했다. 오픈AI는 GPT-4가 이전 버전인 GPT-3.5보다 더 나은 기능을 제공할 것이라고 밝혔다.
?


새로운 GPT-4는 문자뿐...",ChatGPT,오픈AI,,2023.03.15
https://www.itworld.co.kr/t/55049/%EA%B8%80%EB%A1%9C%EB%B2%8C+%ED%8A%B8%EB%A0%8C%EB%93%9C/282445,https://www.itworld.co.kr/files/itworld/ITW_202303_01/0315_sports1.300x240.jpg,"""유럽 축구 선수의 98%가 빅데이터 수집한다""  한국 딜로이트 그룹, ‘스포츠 산업의 디지털 전환’ 보고서 발간","한국 딜로이트 그룹이 스포츠 업계에 적용된 다양한 디지털 전환 사례와 ICT 기술 활용 인사이트를 담은 ‘승리의 열쇠 디지털: 스포츠 산업의 디지털 전환’ 보고서를 발표했다.

보고서에 따르면 스포츠는 현재 국가 단위의 중요한 산업으로 부상했다. 특히...",한국 딜로이트 그룹,스포츠,스포츠 애널리틱스,2023.03.15
https://www.itworld.co.kr/t/55049/%EA%B8%80%EB%A1%9C%EB%B2%8C+%ED%8A%B8%EB%A0%8C%EB%93%9C/282667,https://www.itworld.co.kr/files/itworld/ITW_202303_02/0316_2_3988339205-100938555-large.300x240.jpg,"""성과급·신규 채용 줄여도 해고는 안 해"" 애플이 불황에 대응하는 방법","애플이 운영 비용 절감에 나섰다. 일부 직원의 보너스 빈도를 조정하고 신규 채용을 줄이며 퇴사 직원의 빈 자리를 채우지 않는 방안을 선택했다.

블룸버그 통신의 마크 거먼은 내부 소식통을 인용해 인플레이션과 경기 침체에 대응해 지난해 7월부터 애플이 ...",,,,2023.03.16
https://www.itworld.co.kr/t/55049/%EA%B8%80%EB%A1%9C%EB%B2%8C+%ED%8A%B8%EB%A0%8C%EB%93%9C/282913,https://www.itworld.co.kr/files/ciokr/2023/03/fixed_a350_3-1-3.300x240.jpg,“좌 클라우드 우 메인프레임”?델타 항공 IT 현대화 사례 분석,"미국의 델타 항공은 하이브리드 아키텍처를 수용했다. 클라우드의 민첩성과 메인프레임의 신뢰성을 모두 활용한다.?IT 측면에서 델타 항공은 두 마리 토끼를 모두 잡는다는 입장이다.

델타 항공의 소프트웨어 엔지니어링 담당 수석VP 맷 신세라는 하...",하이브리드 클라우드,하이브리드 아키텍처,델타항공,2023.03.20
https://www.itworld.co.kr/t/55049/%EA%B8%80%EB%A1%9C%EB%B2%8C+%ED%8A%B8%EB%A0%8C%EB%93%9C/282985,https://www.itworld.co.kr/files/itworld/ITW_202303_02/Wemo-Smart-Plug-with-Thread.300x240.jpg,벨킨의 ‘매터 적용 중단’이 큰 문제가 아닌 이유,"매터(Matter) 도입을 전면 재검토한다는 벨킨(Belkin)의 발표가 스마트 홈 업계에서 파장을 만들고 있다. 매터는 제품간 호환성을 높여 거대한 스마트 홈 생태계를 만들기 위한 새로운 표준이다.
?


버지(Verge) 보도에 따르면, ...",매터,Matter,벨킨,2023.03.20
https://www.itworld.co.kr/t/55049/%EA%B8%80%EB%A1%9C%EB%B2%8C+%ED%8A%B8%EB%A0%8C%EB%93%9C/283153,https://www.itworld.co.kr/files/itworld/ITW_202303_02/GettyImages-1250646720.300x240.jpg,"러시아 대통령실, 업무에 아이폰 사용 금지…모호한 안전 우려 이유","러시아 일간지 코메르산트의 보도에 따르면, 러시아 대통령실 소속 공무원과 정치인은 2023년 4월 1일부터 직장에서 아이폰을 더 이상 사용할 수 없게 된다. 정부 대변인 드미트리 페스코프는 이 보도에 대해 모호한 방식을 논평했는데, 공무원은 아이폰이든...",러시아,공무원,아이폰,2023.03.21
https://www.itworld.co.kr/t/55049/%EA%B8%80%EB%A1%9C%EB%B2%8C+%ED%8A%B8%EB%A0%8C%EB%93%9C/283159,https://www.itworld.co.kr/files/ciokr/2023/03/Work-trend-5yr.300x240.jpg,"“AI와 자동화, 재택근무” 5년 뒤 IT 직장의 모습","IT 업계의 미래를 예측하기는 어려운 일이지만 현재 수많은 기술 리더들은 향후 5년 뒤 IT 직무는 지금과는 상당히 다를 것이라는 의견에 대부분 동의하고 있다.
?


IT 전문가들은 앞으로 직함에 연연하지 않고 직무 기반 환경에서 일할 가능...",조직문화,재택,하이브리드,2023.03.21
https://www.itworld.co.kr/t/55049/%EA%B8%80%EB%A1%9C%EB%B2%8C+%ED%8A%B8%EB%A0%8C%EB%93%9C/283705,https://www.itworld.co.kr/files/itworld/ITW_202303_02/0323_trend.300x240.png,"“사이버 보안, 비즈니스에 미치는 영향 과소평가돼” 트렌드마이크로","트렌드마이크로가 글로벌 설문조사 ‘위험과 보상(Risk and Reward)’의 결과를 발표했다. 보고서는 사이버 보안이 비즈니스 성과에 미치는 영향이 과소평가되는 경향을 보인다고 밝혔다.

이번 설문조사는 전 세계 26개국에서 250명 이상의 직원을...",트렌드마이크로,,,2023.03.23
https://www.itworld.co.kr/t/55049/%EA%B8%80%EB%A1%9C%EB%B2%8C+%ED%8A%B8%EB%A0%8C%EB%93%9C/283957,https://www.itworld.co.kr/files/itworld/ITW_202303_02/GettyImages-106510311.300x240.jpg,“꽂자마자 폭발” 에콰도르 언론인 노린 USB 드라이브 폭탄,"아무런 표시도 없는 수상한 USB를 우편으로 받았다면, 의심없이 PC에 연결하면 안된다. 기본적인 데이터 보안 상식이기도 하지만, 에콰도르의 몇몇 언론인에게는 생명을 지키는 방법의 하나가 됐다.
?


관련 보도에 따르면, 에콰도르의 한 TV...",USB,플래시드라이브,폭발,2023.03.24
https://www.itworld.co.kr/t/55049/%EA%B8%80%EB%A1%9C%EB%B2%8C+%ED%8A%B8%EB%A0%8C%EB%93%9C/284011,https://www.itworld.co.kr/files/itworld/ITW_202303_02/GettyImages-1219980553.300x240.jpg,"기업 PR, 소셜 미디어보다 언론 매체가 훨씬 효과적인 이유","페이스북, 인스타그램, 틱톡 등은 많은 사람들의 일상에 깊이 스며들었다. 소셜 미디어는 이제 기업 영역에서도 중요한 역할을 한다. 독일의 비트콤(Bitkom) 디지털 협회에 따르면 기업의 약 3/4(72%)은 홍보에 소셜 미디어 채널을 사용한다. 페이...",,,,2023.03.24
https://www.itworld.co.kr/t/55049/%EA%B8%80%EB%A1%9C%EB%B2%8C+%ED%8A%B8%EB%A0%8C%EB%93%9C/284089,https://www.itworld.co.kr/files/itworld/ITW_202303_02/GettyImages-1300332473.300x240.jpg,블로그 | “더 알리고 공론화해야 할” 멀티클라우드 거짓말 3가지,"멀티클라우드의 비용 효율성과 장점에 대한 이야기를 듣고 있으면 조금 당혹스러운 부분이 있다. 오해 혹은 집단적인 착각 같은 느낌까지 든다. 쓴소리지만 누군가는 꼭 지적해야 할 부분이다.
?


거짓말 1. 멀티클라우드는 종속으로부터 해방을 의...",멀티클라우드,multicloud,,2023.03.27
https://www.itworld.co.kr/t/55049/%EA%B8%80%EB%A1%9C%EB%B2%8C+%ED%8A%B8%EB%A0%8C%EB%93%9C/284149,https://www.itworld.co.kr/files/ciokr/2023/03/GettyImages-803934282.300x240.jpg,‘나는 어디서 위로받나’ 사이버 보안에 절실한 성과인정 문화,"사이버 보안 전문가는 수시로 스트레스와 번아웃에 시달려 생산성이 떨어지고 실수를 저지르기 쉽다. 퇴사할 가능성도 크다. CISO가 적절한 커리어 개발과 성과 인정을 통해 팀의 스트레스와 번아웃을 줄일 수 있는 방법에 대해 알아본다.?
&nbs...",사이버보안,사이버보안전문가,스트레스,2023.03.27
https://www.itworld.co.kr/t/55049/%EA%B8%80%EB%A1%9C%EB%B2%8C+%ED%8A%B8%EB%A0%8C%EB%93%9C/284431,https://www.itworld.co.kr/files/itworld/ITW_202303_02/GettyImages-1360521208.300x240.jpg,“검색 대신 채팅” 빙챗의 성공에 위협받는 구글 SEO,지난 25년 동안 구글은 인터넷 검색 엔진의 비교 기준이었다. 85%에 가까운 시장 점유율은 도저히 이길 수 없는 난공불락의 요새였다. 하지만 마이크로소프트는 AI 기반 챗봇을 탑재한 빙 검색엔진으로 마침내 구글의 아성을 무너뜨릴 방법을 찾은 것 같다...,검색엔진,SEO,빙챗,2023.03.28
https://www.itworld.co.kr/t/55049/%EA%B8%80%EB%A1%9C%EB%B2%8C+%ED%8A%B8%EB%A0%8C%EB%93%9C/284557,https://www.itworld.co.kr/files/itworld/ITW_202303_02/GettyImages-910149000.300x240.jpg,블로그 | 클라우드 워싱에서 AI 워싱으로 넘어가는 IT 마케팅,"몇 년 전 유행했던 클라우드 워싱(Cloud Washing)을 기억하는가? 업체가 진짜 클라우드 기반 솔루션이 아닌 제품이나 서비스를 클라우드 기반 솔루션이라고 포장하는 관행을 가리키는 말이다. 다시 말해, 클라우드 컴퓨팅을 둘러싼 과대포장을 이용하려...",인공지능,생성형AI,ChatGPT,2023.03.29
https://www.itworld.co.kr/t/55049/%EA%B8%80%EB%A1%9C%EB%B2%8C+%ED%8A%B8%EB%A0%8C%EB%93%9C/284707,https://www.itworld.co.kr/files/ciokr/2023/03/GettyImages-993130498.300x240.jpg,“데이터 책임자는 고달프다” 설문조사로 본 CDAO의 어려움,"가트너 데이터 및 분석 서밋2023(Gartner Data & Analytics Summit 2023)에서 공개된 데이터에 따르면, 최고 데이터 및 분석 책임자(Chief data and analytics officers, CDAOs)의 전략적...",CDAO,최고 데이터 책임자,최고 분석 책임자,2023.03.30
https://www.itworld.co.kr/t/55049/%EA%B8%80%EB%A1%9C%EB%B2%8C+%ED%8A%B8%EB%A0%8C%EB%93%9C/284803,https://www.itworld.co.kr/files/itworld/ITW_202303_02/conference.300x240.JPG,“AI 실전 활용 본격화됐다” Cloud & AI Innovation 2023 컨퍼런스 성료,"ITWorld와 CIO Korea가 주최하는 ‘Cloud & AI Innovation 2023’이 성황리에 막을 내렸다. 3월 29일 잠실 롯데호텔월드 크리스탈 볼룸에서 열린 이번 컨퍼런스는 총 334명의 IT 전문가가 함께한 가운데, ‘미래 ...",파운드리,한국파운드리,ITWorld,2023.03.30
https://www.itworld.co.kr/t/55049/%EA%B8%80%EB%A1%9C%EB%B2%8C+%ED%8A%B8%EB%A0%8C%EB%93%9C/284959,https://www.itworld.co.kr/files/itworld/ITW_202303_02/m31-Biden-on-space-station-1.300x240.jpg,"미드저니, AI 생성 이미지 통한 가짜 뉴스 확산에 무료 평가판 일시 중단","AI 이미지 생성기 미드저니(Midjourney)가 무료 평가판 서비스를 일시적으로 중단했다. AI로 생성한 사진이 확산하면서 가짜 뉴스가 급속도로 퍼졌기 때문이다.?
?


미드저니 설립자 데이비드 홀즈는 디스코드에서 해당 변경 사...",미드저니,생성형AI,AI아트,2023.03.31
https://www.itworld.co.kr/t/55049/%EA%B8%80%EB%A1%9C%EB%B2%8C+%ED%8A%B8%EB%A0%8C%EB%93%9C/285397,https://www.itworld.co.kr/files/itworld/ITW_202304_01/Roland_Berger.300x240.jpg,마이크로소프트 MIMA 2023으로 보는 EMEA 제조 혁신,"“제조 산업의 오스카”로 통하는 MIMA 시상식에서 선도적인 산업 기업들은 혁신적인 디지털 솔루션을 사용해 제조 업계의 당면한 문제점에 대처하는 법을 선보였다.

MIMA(Microsoft Intelligent Manufacturing Award) 2...",스마트팩토리,제조혁신,4차산업,2023.04.04
https://www.itworld.co.kr/t/55049/%EA%B8%80%EB%A1%9C%EB%B2%8C+%ED%8A%B8%EB%A0%8C%EB%93%9C/285631,https://www.itworld.co.kr/files/itworld/ITW_202304_01/GettyImages-1248846478.300x240.jpg,인공일반지능(AGI)과 ‘마주할 결심’… 두려워하거나 일찌감치 대응하거나,"지난주 기술 분야의 유명 인사들이 ‘사회와 인류에 대한 심각한 위험’을 이유로 AI 개발을 최소 6개월 동안 잠정 중단하자고 촉구했다. 애플의 공동 창업자 스티브 워즈니악을 포함해 현재 3,100명 이상이 서명한 공개서한은 특히 오픈AI 연구소가 최근...",인공일반지능,범용인공지능,AGI,2023.04.05
https://www.itworld.co.kr/t/55049/%EA%B8%80%EB%A1%9C%EB%B2%8C+%ED%8A%B8%EB%A0%8C%EB%93%9C/285577,https://www.itworld.co.kr/files/itworld/ITW_202304_01/GettyImages-1208587849.300x240.jpg,"'탄소 배출 주범' 데이터센터, 기후 변화 해결책의 중심으로 기능하다","현재 인류는 기후 위기에 대응해 집단 행동에 나서야 하는 상황에 직면해 있다. 생물의 한 종으로서 인류는 전 지구적 온도 상승 속도를 늦춰야 할 이유가 충분하지만, 단기적으로 보면 탄소 배출 감축 조치가 개인이나 회사 또는 국가의 이익에 부합하지 않는...",ESG,재생에너지,친환경에너지,2023.04.05
https://www.itworld.co.kr/t/55049/%EA%B8%80%EB%A1%9C%EB%B2%8C+%ED%8A%B8%EB%A0%8C%EB%93%9C/285451,https://www.itworld.co.kr/files/ciokr/2023/04/fixed_innovation_co-innovation_startup_venn_overlapping_partnering_iot_by-pettycon-via-pixabay-100816003-large.300x240.jpg,“어느 새 미국 인구 90% 커버” 아마존 무료 네트워크 ‘사이드워크’,누구도 크게 신경 쓰지 않는 사이에 일어난 일이다. 아마존이 미국 인구의 90%에 도달하는 무료 전국 무선 네트워크인 사이드워크(Sidewalk)를 만들었다. 과거 소수의 엄선된 개발자들에게만 제공됐던 아마존 사이드워크 서비스의 소프트웨어 및 하드웨어...,사이드워크,아마존,AWS,2023.04.05
https://www.itworld.co.kr/t/55049/%EA%B8%80%EB%A1%9C%EB%B2%8C+%ED%8A%B8%EB%A0%8C%EB%93%9C/285853,https://www.itworld.co.kr/files/itworld/ITW_202304_01/image004.300x240.jpg,"‘VM웨어 익스플로어 코리아’ 개최... “한국 기업의 클라우드 자신감, 전 세계 최고 수준”","VM웨어가 4월 6일 서울에서 VM웨어 익스플로어 코리아(VM웨어 Explore Korea)를 개최했다. 새 이름으로 국내 첫 개최한 이번 VM웨어 플래그십 컨퍼런스에는 약 3,000 명의 클라우드 관계자들이 등록해 최신 멀티 클라우드 동향을 확인하고...",,,,2023.04.06
https://www.itworld.co.kr/t/55049/%EA%B8%80%EB%A1%9C%EB%B2%8C+%ED%8A%B8%EB%A0%8C%EB%93%9C/285763,https://www.itworld.co.kr/files/itworld/ITW_202304_01/0406_trends1.300x240.PNG,"""2023년 주목해야 할 6대 테크 트렌드는..."" 한국 딜로이트 그룹","한국 딜로이트 그룹은 첨단 IT와 비즈니스가 상호 역학적으로 변화를 이끌어내는 관련 현실 동향과 이 과정에서 발생하는 문제점을 파헤치고, 각각 2년 및 10년 후 기술과 비즈니스의 진화 양상을 전망하는 ‘테크 트렌드 2023(Tech Trends 20...",한국 딜로이트 그룹,,,2023.04.06
https://www.itworld.co.kr/t/55049/%EA%B8%80%EB%A1%9C%EB%B2%8C+%ED%8A%B8%EB%A0%8C%EB%93%9C/285907,https://www.itworld.co.kr/files/itworld/ITW_202304_01/m7-GettyImages-1140524689.300x240.jpg,글로벌 칼럼 | ‘AI 개발 일시 중단’이 어리석은 생각인 이유,"천여 명 이상의 기술 업계 저명인사와 리더, 과학자가 최근 AI 개발을 6개월 동안 일시 중단할 것을 촉구했다. AI가 너무 빨리 발전하고 있다는 우려는 충분히 이해되지만, 개발을 멈추려고 하는 것은 실수다.?

일단 기술이 시작되면 억제하는...",AI,인공일반지능,AGI,2023.04.07
https://www.itworld.co.kr/t/55049/%EA%B8%80%EB%A1%9C%EB%B2%8C+%ED%8A%B8%EB%A0%8C%EB%93%9C/285829,https://www.itworld.co.kr/files/itworld/ITW_202304_01/Numbers2303.300x240.jpg,[ITWorld 넘버스] ‘달라진 일터’ 3가지 장면,"코로나19 사태로 많은 것이 바뀌었다. 그중 가장 큰 변화를 겪은 곳은 일터가 아닐까. 매일 같이 출근길 전쟁을 치러야 했던 사람들은 코로나19 사태로 재택근무를 경험하게 됐다.?갑작스러운 변화에 시행착오를 겪긴 했지만 점차 적응해 나갔고, ...",재택근무,원격근무,하이브리드 근무,2023.04.07
https://www.itworld.co.kr/t/55049/%EA%B8%80%EB%A1%9C%EB%B2%8C+%ED%8A%B8%EB%A0%8C%EB%93%9C/286135,https://www.itworld.co.kr/files/itworld/ITW_202304_01/m10-cleanroom-ny-gf-100933135-large.300x240.jpg,"미국 정부의 ‘칩스법’을 가로막는 장애물, 그리고 청사진",지난 2년 동안 이어진 마이크로칩 부족 사태로 미국의 외국 공급업체에 대한 의존도가 드러났고 그 결과 칩스법(CHIPS ACT)까지 등장했다. 칩스법은 미국에 새로운 설비 공장을 짓는 칩 제조업체에 수백억 달러의 인센티브를 제공하는 것을 골자로 한다....,칩스법,미국,반도체,2023.04.10
https://www.itworld.co.kr/t/55049/%EA%B8%80%EB%A1%9C%EB%B2%8C+%ED%8A%B8%EB%A0%8C%EB%93%9C/286015,https://www.itworld.co.kr/files/ciokr/2023/04/GettyImages-1278776452.300x240.jpg,“더는 블랙박스 아니다” IT의 비즈니스 가치 측정하기 6단계,"IT가 기업에 기여하는 가치를 어떻게 입증할 수 있을까? 점점 더 빈번히, 그리고 점점 더 중요하게 대두되는 질문이다. 경영 컨설턴트 업체인 4C 그룹의 마커스 마츠이에 따르면 IT는 더 이상 많은 기업에서 코스트 센터나 지원 부서로 인식되지 않고 있...",IT 가치,IT 관리,4C 그룹,2023.04.10
https://www.itworld.co.kr/t/55049/%EA%B8%80%EB%A1%9C%EB%B2%8C+%ED%8A%B8%EB%A0%8C%EB%93%9C/285997,https://www.itworld.co.kr/files/itworld/ITW_202304_01/m10-GettyImages-1396516898.300x240.jpg,"가트너, 2023년 전 세계 IT 지출 예상액 상향 조정 “서비스·SW 강세에 5.5% 성장”","가트너에 따르면, IT 제품 및 서비스에 대한 2023년 전 세계 총 지출액이 소프트웨어 및 서비스 부문 강세에 힘입어 4조 6,000억 달러에 달할 것으로 예상된다. 전년 대비 약 5.5% 증가한 규모다.?
?


서비스 부문은 서...",가트너,IT지출,IT지출전망,2023.04.10
https://www.itworld.co.kr/t/55049/%EA%B8%80%EB%A1%9C%EB%B2%8C+%ED%8A%B8%EB%A0%8C%EB%93%9C/286315,https://www.itworld.co.kr/files/itworld/ITW_202304_01/GettyImages-1362135073.300x240.jpg,“DeepL이 할 수 있는 것” 전성기 맞은 기계번역의 가능성과 한계,기계 번역(Machine Translation)이 신기술은 아니다. 이미 1960년대부터 논의되어 온 주제이다. 초기에는 주로 연구 분야에서 다루어지다가 구글 번역이 등장해 종종 의도치 않게 재미있는 결과를 만들어 내면서 미디어에서도 관심을 두게 됐다...,기계번역,DeepL,번역가,2023.04.11
https://www.itworld.co.kr/t/55049/%EA%B8%80%EB%A1%9C%EB%B2%8C+%ED%8A%B8%EB%A0%8C%EB%93%9C/286249,https://www.itworld.co.kr/files/itworld/ITW_202304_01/0411_omdia.300x240.jpg,"“디지털 소비자 서비스 시장 2027년까지 5,130억 달러 규모로 성장” 옴디아","인포마테크의 기술 연구 및 자문 그룹인 옴디아는 디지털 게임, 온라인 비디오, 메시징 앱, 스마트 홈, 디지털 음악과 같은 비전통적인 카테고리의 5년간 연평균성장률(CAGR)이 5~21%로 예상되며 빠른 성장세를 보이고 있다고 밝혔다.

옴디아에 따르...",옴디아,,,2023.04.11
https://www.itworld.co.kr/t/55049/%EA%B8%80%EB%A1%9C%EB%B2%8C+%ED%8A%B8%EB%A0%8C%EB%93%9C/286225,https://www.itworld.co.kr/files/itworld/ITW_202304_01/GettyImages-1400950725.300x240.jpg,"한국IDC, 지속 가능한 IT 투자 전략을 위한 아태지역 ESG 10대 전망 발표",한국IDC가 최근 ‘IDC 퓨처스케이프: 전 세계 지속가능성/ESG 2023년 미래 전망?아시아 태평양 지역 시사점(일본 제외)’ 보고서를 발간했다. IDC는 보고서에서 지속가능성과 ESG에 대한 관심이 증가하는 상황 속에서 아시아 태평양 지역의 기업...,한국IDC,지속가능성,ESG,2023.04.11
https://www.itworld.co.kr/t/55049/%EA%B8%80%EB%A1%9C%EB%B2%8C+%ED%8A%B8%EB%A0%8C%EB%93%9C/286507,https://www.itworld.co.kr/files/itworld/ITW_202304_01/GettyImages-1200486875.300x240.jpg,"1분기 PC 출하량 30% 급감 : IDC, 캐널라이스","IDC의 예비 계산에 따르면, 수요 약세, 높은 재고량, 갈수록 악화되는 경제 상황으로 인해 2023년 1분기 PC 판매량은 전년 동기 대비 29% 감소한 5,690만 대에 그칠 것으로 예상된다. 처음으로 코로나 이전 수준을 밑도는 판매량을 기록한 것...",분기실적,PC,IDC,2023.04.12
https://www.itworld.co.kr/t/55049/%EA%B8%80%EB%A1%9C%EB%B2%8C+%ED%8A%B8%EB%A0%8C%EB%93%9C/286489,https://www.itworld.co.kr/files/itworld/ITW_202304_01/m12-GettyImages-1224022395.300x240.jpg,글로벌 칼럼 | 프라이빗 5G가 적합한 업종은 ‘아직까지’ 따로 있다,최근 필자는 프라이빗 무선 통신 기술을 사용/배포 중인 31곳의 기업과 대화를 나눌 기회가 있었다. 해당 기술을 제공하는 통합업체와 공급업체와도 대화를 나눴다.?이들 기업 중 사무실에서 프라이빗 5G를 사용하는 곳은 없었다. 프라이빗 5G는 ...,5G,프라이빗5G,,2023.04.12
https://www.itworld.co.kr/t/55049/%EA%B8%80%EB%A1%9C%EB%B2%8C+%ED%8A%B8%EB%A0%8C%EB%93%9C/286351,https://www.itworld.co.kr/files/itworld/ITW_202304_01/meta.300x240.png,"""올해와 미래 이끌 핵심 문화 트렌드 4가지는..."" 메타, 2023 트렌드 보고서 공개","메타(구 페이스북)가 올해 주목해야 할 글로벌 문화 트렌드를 조명하는 ‘새롭게 떠오르는 문화: 2023 트렌드 보고서’를 공개했다. 페이스북, 인스타그램 등 메타 플랫폼을 통해 연결된 전 세계 37억 명의 상호작용을 분석해 도출한 트렌드와 비즈니스를 ...",메타,,,2023.04.12
https://www.itworld.co.kr/t/55049/%EA%B8%80%EB%A1%9C%EB%B2%8C+%ED%8A%B8%EB%A0%8C%EB%93%9C/286669,https://www.itworld.co.kr/files/itworld/ITW_202304_01/GettyImages-1205097864.300x240.jpg,"한쪽선 ‘정리해고’, 다른 쪽선 ‘구인난’... 채용 시장의 묘한 풍경","맨파워그룹(ManpowerGroup)의 최신 보고서에 따르면 전 세계 기업의 77%가 구인난을 겪고 있다. 17년 만에 최고 수준이다.?

41개국 3만 9,000곳의 기업을 대상으로 실시한 연례 설문조사 결과, 구인난을 겪고 있다고 답한 기...",IT 채용,커리어,IT 스킬,2023.04.13
https://www.itworld.co.kr/t/55049/%EA%B8%80%EB%A1%9C%EB%B2%8C+%ED%8A%B8%EB%A0%8C%EB%93%9C/286639,https://www.itworld.co.kr/files/itworld/ITW_202304_01/0413_m1.300x240.jpg,“2027년 글로벌 모바일 게임 수익 920억 달러 돌파 전망” 센서타워,"글로벌 모바일 시장 데이터 분석 기업 센서타워가 지난해 전 세계 모바일 게임 시장에 대해 분석하고 2027년까지의 전망을 담은 ‘2023년 전 세계 모바일 게임 시장 전망’ 리포트를 발표했다.

보고서에 따르면 2018년부터 2021년까지 전 세계 모...",센서타워,,,2023.04.13
https://www.itworld.co.kr/t/55049/%EA%B8%80%EB%A1%9C%EB%B2%8C+%ED%8A%B8%EB%A0%8C%EB%93%9C/286897,https://www.itworld.co.kr/files/itworld/ITW_202304_01/m14-boliviainteligente-wIBDrEv73xY-unsplash.300x240.jpg,"글로벌 칼럼 | 마이크로소프트 겨누는 각국 정부, 과거 반복될까?",사티아 나델라는 거의 10년 전에 마이크로소프트 CEO로 선임된 후 마이크로소프트를 IT 업계의 모범생으로 만들었다. 반독점법 위반 혐의로 미국 정부에 의해 기소됐던 포악한 기업이 나델라의 지휘 아래에 온화한 기업으로 바뀌었고 경쟁사를 짓밟기보다는 우...,마이크로소프트,반독점소송,AI,2023.04.14
https://www.itworld.co.kr/t/55049/%EA%B8%80%EB%A1%9C%EB%B2%8C+%ED%8A%B8%EB%A0%8C%EB%93%9C/286867,https://www.itworld.co.kr/files/itworld/ITW_202304_01/wisestone_interview.300x240.jpg,“스카이넷과 자비스는 한끗 차이” 와이즈스톤이 말하는 AI 기반 SW의 3요소,지난 3월 벨기에에서 한 남성이 스스로 목숨을 끊었다. 마지막 대화 상대는 차이 리서치(Chai Research)에서 개발한 ChatGPT 기반 AI 챗봇 엘리자(Eliza)였다. 미망인은 “엘리자와 대화만 하지 않았어도 남편은 아직 살아있었을 것”이...,AI신뢰성,AI,신뢰성,2023.04.14
https://www.itworld.co.kr/t/55049/%EA%B8%80%EB%A1%9C%EB%B2%8C+%ED%8A%B8%EB%A0%8C%EB%93%9C/286759,https://www.itworld.co.kr/files/itworld/ITW_202304_01/0414_IBM.300x240.jpg,"“소비재 기업, 지속가능한 경영 위해 기술 예산 34% 늘려” IBM-소비재 포럼","IBM과 소비재 포럼의 최신 글로벌 연구 결과에 따르면 소비재 브랜드 리더의?61%는?지속가능성 목표와 기업 운영 목표를 일치시키기 위해 의도적인 노력을 기울이고 있다고 답했으며, 77%는 지속가능성에 투자하면 비즈니스가 더 빠르게 ...",IBM,지속가능성,,2023.04.14
https://www.itworld.co.kr/t/55049/%EA%B8%80%EB%A1%9C%EB%B2%8C+%ED%8A%B8%EB%A0%8C%EB%93%9C/286699,https://www.itworld.co.kr/files/ciokr/2023/04/Trends_2023.300x240.jpg,IT 전문가가 알아야 할 최신 엔터프라이즈 기술 트랜드 7가지,"엔터프라이즈 소프트웨어 및 서비스는 새로운 기능을 추가하며 진화하고 있다. 엔터프라이즈 업계에서 최근 성장하는 기술 및 트랜드를 정리했다. ?
?


딜로이트 컨설팅의 대표인 팀 포터는 현재 기업용 소프트웨어 및 서비스 환경을 조사하...",챗GPT,엣지 컴퓨팅,,2023.04.14
https://www.itworld.co.kr/t/55049/%EA%B8%80%EB%A1%9C%EB%B2%8C+%ED%8A%B8%EB%A0%8C%EB%93%9C/287119,https://www.itworld.co.kr/files/itworld/ITW202304_02/m17-GettyImages-1338381557.300x240.jpg,"“주4일 근무 장기적 영향 살핀다” 美 매사추세츠주, 2년간 시범 사업 추진",최근 미국 매사추세츠 주 의원 2명이 유럽에서 실시된 사업을 참고해 2개년 주4일 근무제 시범 사업을 실시하기 위한 법안을 제출했다. 해당 법안은 기업이 급여나 복지 혜택을 축소하지 않고 일부 직원 또는 전체를 주4일 근무제로 자발적으로 전환하는 사업...,주4일제,주4일근무제,주32시간근무,2023.04.17
https://www.itworld.co.kr/t/55049/%EA%B8%80%EB%A1%9C%EB%B2%8C+%ED%8A%B8%EB%A0%8C%EB%93%9C/286999,https://www.itworld.co.kr/files/itworld/ITW202304_02/GettyImages-917611508.300x240.jpg,“똑똑한 충전으로 지구 살린다” 청정 에너지 이용하는 지능형 충전의 가능성,"Bitkom(독일 디지털산업협회)의 최근 연구에 따르면, 독일의 기후 목표를 달성하는 데 필요한 CO2 절감량의 41%를 디지털화만으로도 달성할 수 있다. 애플의 청정 에너지 충전이 대표적인 예로, 그 가능성을 어떻게 활용할지 살펴볼 가치가 있다.
&...",충전,스마트폰,청정에너지,2023.04.17
https://www.itworld.co.kr/t/55049/%EA%B8%80%EB%A1%9C%EB%B2%8C+%ED%8A%B8%EB%A0%8C%EB%93%9C/287311,https://www.itworld.co.kr/files/itworld/ITW202304_02/m18-camilo-jimenez-qZenO_gQ7QA-unsplash.300x240.jpg,뇌를 병들게 하는 ‘둠 스크롤링’에 효과적으로 대처하는 방법,"둠 스크롤링(Doom Scrolling)은 소셜 미디어나 뉴스 웹사이트에서 부정적인 정보를 찾아 헤매며 피드를 끝없이 아래로 스크롤하는 행동을 말한다. 오늘날 디지털 세대에 매우 흔히 나타나는 행동이다.

많은 사용자가 새로운 소식을 빨리 접하기 위해...",둠스크롤링,스마트폰,소셜미디어,2023.04.18
https://www.itworld.co.kr/t/55049/%EA%B8%80%EB%A1%9C%EB%B2%8C+%ED%8A%B8%EB%A0%8C%EB%93%9C/287785,https://www.itworld.co.kr/files/itworld/ITW202304_02/m20-GettyImages-1160161465.300x240.jpg,디지털 생태계를 위험에 빠뜨리는 6가지 실수와 7가지 대책,"기업은 새로운 디지털 생태계 구축에 참여하면 매출 상승과 생산성 향상에 도움이 될 것이라 기대하지만, 디지털 생태계에 따르는 위험에 대해서는 충분히 고려하지 않는다. IT 컨설팅 기업 TCS(Tata Consultancy Services)의 위험 및 ...",디지털트랜스포메이션,사각지대,보안사각지대,2023.04.20
https://www.itworld.co.kr/t/55049/%EA%B8%80%EB%A1%9C%EB%B2%8C+%ED%8A%B8%EB%A0%8C%EB%93%9C/287779,https://www.itworld.co.kr/files/itworld/ITW202304_02/GettyImages-1275786974.300x240.jpg,"UAO, 공개 실행 엔진으로 독점 제조 시스템에 도전장",인더스트리 4.0이 시작된 지 10년이 지났음에도 불구하고 제조업의 디지털화는 크게 진전되지 않았다. 최근 스테이티스타(Statista)가 독일 제조 기업의 관리자 100명을 대상으로 실시한 설문조사에서 응답자의 35%는 현재 사용 중인 기술의 대응 ...,스마트팩토리,UAO,자동화,2023.04.20
https://www.itworld.co.kr/t/55049/%EA%B8%80%EB%A1%9C%EB%B2%8C+%ED%8A%B8%EB%A0%8C%EB%93%9C/287653,https://www.itworld.co.kr/files/itworld/ITW202304_02/GettyImages-1459713754.300x240.jpg,인사이더·버즈피드·CNET…온라인 미디어 잠식한 AI 기자의 한계는?,뉴스 및 라이프스타일 미디어 인사이더(Insider)가 기사 작성에 AI를 활용하는 실험을 시작했다. 인사이더뿐 아니라 여러 온라인 미디어가 특정 콘텐츠를 AI로 생성하고 검색에 최적화된 제목을 만드는 등의 시도에 나서고 있다. 그러나 AI가 SEO라...,,,,2023.04.20
https://www.itworld.co.kr/t/55049/%EA%B8%80%EB%A1%9C%EB%B2%8C+%ED%8A%B8%EB%A0%8C%EB%93%9C/287659,https://www.itworld.co.kr/files/itworld/ITW202304_02/0420_oracle4.300x240.jpg,"“한국 비즈니스 리더 72%, 'AI'에 의사결정 맡기고 싶다” 오라클","오라클이 뉴욕 타임즈 베스트셀러 선정 작가 세스 스티븐스 다비도위츠와 공동 진행한 새로운 연구 ‘기업의 의사결정 딜레마(Decision Dilemma)’의 조사 결과를 발표했다.?
?
대한민국 500명의 응답자를 포함한 전 세계 17...",오라클,,,2023.04.20
https://www.itworld.co.kr/t/55049/%EA%B8%80%EB%A1%9C%EB%B2%8C+%ED%8A%B8%EB%A0%8C%EB%93%9C/287641,https://www.itworld.co.kr/files/itworld/ITW202304_02/intel-manufacturing-100931768-orig.300x240.jpg,"EU, 유럽 내 제조역량 중점 둔 반도체 법안 합의","유럽 의회와 유럽 이사회가 36억 달러의 EU 자금을 투입하고 최대 437억 달러의 민간 투자금을 유치해 유럽 내 반도체 제조 역량을 육성한다는 유럽연합 반도체법에 합의했다.

미국처럼 유럽 역시 빠르게 성장하는 반도체 시장에 주목하고 있다. 자국 외...",반도체법,유럽연합,,2023.04.20
https://www.itworld.co.kr/t/55049/%EA%B8%80%EB%A1%9C%EB%B2%8C+%ED%8A%B8%EB%A0%8C%EB%93%9C/287629,https://www.itworld.co.kr/files/itworld/ITW202304_02/m20-GettyImages-1402046831.300x240.jpg,"“2023년 전 세계 퍼블릭 클라우드 지출, 전년 대비 21.7% 증가” 가트너 전망","가트너가 퍼블릭 클라우드 서비스에 대한 2023년 전 세계 최종 사용자 지출이 2022년 4,910억 달러에서 21.7% 증가한 5,973억 달러에 달할 것으로 예상했다.
?


2023년에는 클라우드 시장의 모든 부문에서 지출이 증가할 것으...",클라우드,가트너,,2023.04.20
https://www.itworld.co.kr/t/55049/%EA%B8%80%EB%A1%9C%EB%B2%8C+%ED%8A%B8%EB%A0%8C%EB%93%9C/287941,https://www.itworld.co.kr/files/itworld/ITW202304_02/GettyImages-1220226086.300x240.jpg,“직원 유지율 90%” 기업이 전하는 ‘하이브리드 근무’ 운영팁 7,"많은 직원이 어쩔 수없이 사무실로 복귀하는 가운데, 미래 지향적인 기업들은 원격근무가 제공할 수 있는 기회를 모색하고 있다. 애플 기기 관리 및 보안 서비스 업체 잼프(Jamf)는 새로운 업무 방식을 수용하면서 큰 성공을 거두고 있다.?

잼...",하이브리드 근무,재택근무,원격근무,2023.04.21
https://www.itworld.co.kr/t/55049/%EA%B8%80%EB%A1%9C%EB%B2%8C+%ED%8A%B8%EB%A0%8C%EB%93%9C/288115,https://www.itworld.co.kr/files/itworld/ITW202304_02/0424_s1.300x240.jpg,“2023년 글로벌 이커머스 앱 다운로드 수 65억 건 전망… 중국 이커머스 앱 성장 주목”,"글로벌 모바일 시장 데이터 분석 기업 센서타워가 전 세계 모바일 이커머스 앱 시장과 변화 추세를 분석한 ‘2023년 모바일 이커머스 앱 시장 인사이트’를 리포트를 발표했다.

센서타워에 따르면 2022년 전 세계 모바일 이커머스 앱 다운로드 수는 20...",이커머스,센서타워,,2023.04.24
https://www.itworld.co.kr/t/55049/%EA%B8%80%EB%A1%9C%EB%B2%8C+%ED%8A%B8%EB%A0%8C%EB%93%9C/288019,https://www.itworld.co.kr/files/ciokr/2023/04/11GettyImages-494419256.300x240.jpg,글로벌 칼럼 | IT 서베이 결과를 걸러 들어야 하는 이유,"무언가를 탐색하는 중인가? 그렇다면 확실히 해야 한다. 진짜 증거를 필요로 하는 상황인지, 그저 이름값만 있으면 되는 상황인지다. 오늘날의 수많은 IT 서베이는 매우 제한적인 정보만 제공할 뿐이다.?

수학적 이론에 따르면 정보는 불확실성을 ...",IT 서베이,IT 설문조사,리서치,2023.04.24
https://www.itworld.co.kr/t/55049/%EA%B8%80%EB%A1%9C%EB%B2%8C+%ED%8A%B8%EB%A0%8C%EB%93%9C/288349,https://www.itworld.co.kr/files/itworld/ITW202304_02/apple-savings-5.300x240.jpg,글로벌 칼럼ㅣ애플에 돈 넣을 준비됐는가?,"2014년 애플 페이(Apple Pay)가 등장한 이후, 애플은 천천히, 하지만 확실하게 여러 금융 관련 상품을 출시해왔다. 2017년에는 애플 캐시(Apple Cash), 2019년에는 애플 카드(Apple Card), 최근에는 애플 페이 레이터(A...",애플,애플 페이,애플 캐시,2023.04.25
https://www.itworld.co.kr/t/55049/%EA%B8%80%EB%A1%9C%EB%B2%8C+%ED%8A%B8%EB%A0%8C%EB%93%9C/288403,https://www.itworld.co.kr/files/itworld/ITW202304_02/GettyImages-1453089426.300x240.jpg,"“네트워크 연결 기계, 안정성 필수” 유럽연합, 새 기계 장비 규제 채택","유럽의회가 새로운 EU 기계 장비 규정을 채택했다. 이 규정은 2006년부터 시행된 기계 지침 2006/42/EC를 대체한다. 이번 법 개정은 진작부터 필요한 상황이었다. 기술 발전, 특히 기계의 디지털화와 네트워킹이 증가하면서 이전 규정으로는 기계 ...",로봇,규제,,2023.04.25
https://www.itworld.co.kr/t/55049/%EA%B8%80%EB%A1%9C%EB%B2%8C+%ED%8A%B8%EB%A0%8C%EB%93%9C/288481,https://www.itworld.co.kr/files/itworld/ITW202304_02/m26-GettyImages-1414972566.300x240.jpg,"美 FCC 의장 “6G, 생각보다 빨리 상용화된다…지체할 시간 없어”","최근 미국 연방통신위원회(FCC) 의장 제시카 로즌워셀이?6G 계획을 시작할 적기는 바로 지금이라며, 주파수 경매 권한을 미 의회에 요청했다.?FCC는 새로운 무선 표준에 대비하기 위해 5G에서 얻은 교훈을 반영한 규칙을 준비하고 있...",6G,FCC,,2023.04.26
https://www.itworld.co.kr/t/55049/%EA%B8%80%EB%A1%9C%EB%B2%8C+%ED%8A%B8%EB%A0%8C%EB%93%9C/288553,https://www.itworld.co.kr/files/itworld/ITW202304_02/immortalis-g715-hero-image-cms-primary-100929566-large.300x240.jpg,"IPO 앞두고 몸값 높이기??“ARM, 자체 칩 만든다”","영국의 반도체 설계 전문 기업 ARM이 제조업체와 손잡고 자체 반도체 시제품을 개발하고 있다는 보도가 나왔다. 모바일 기기와 노트북, 다른 전자기기에 사용할 수 있는 칩이다.



파이낸셜 타임스(Financial Times)가 ARM 내 다양한 소식...",ARM,IPO,,2023.04.26
https://www.itworld.co.kr/t/55049/%EA%B8%80%EB%A1%9C%EB%B2%8C+%ED%8A%B8%EB%A0%8C%EB%93%9C/288463,https://www.itworld.co.kr/files/itworld/ITW202304_02/margrethe_vestager_google_shopping-100727345-large.300x240.jpg,디지털 서비스법으로 인터넷 거물 규제 나선 EU,"EU 집행위원회가 디지털 서비스법의 새 콘텐츠 관리 규정을 적용할 19개의 대형 온라인 플랫폼과 검색 엔진을 발표했다. 지난해 통과된 디지털 서비스법은 초대형온라인플랫폼(Very Large Online Platforms, VLOPs)와 초대형온라인검색...",유럽연합,디지털서비스법,,2023.04.26
https://www.itworld.co.kr/t/55049/%EA%B8%80%EB%A1%9C%EB%B2%8C+%ED%8A%B8%EB%A0%8C%EB%93%9C/288661,https://www.itworld.co.kr/files/ciokr/2023/04/fixed_intel-pat-gelsinger-2-100940009-large.300x240.jpg,“다시 엔지니어링에 집중하기” 인텔 겔싱어 리더십 2년 중간평가,2021년 2월 팻 겔싱어가 인텔의 CEO로 복귀했다. 잘못된 경영 전략과 치열한 경쟁으로 인해 문제가 많은 상황이었다.?일단 공정 노드 개발 측면에서 대만의 칩 제조사 TSMC에 크게 뒤쳐져 있었다. TSMC가 7nm로 트랜지스터를 만들고 ...,인텔,팻 겔싱어,,2023.04.27
https://www.itworld.co.kr/t/55049/%EA%B8%80%EB%A1%9C%EB%B2%8C+%ED%8A%B8%EB%A0%8C%EB%93%9C/288859,https://www.itworld.co.kr/files/itworld/ITW202304_02/m27-GettyImages-1443323134.300x240.jpg,디지털 트윈 개발에 착수하기 전 반드시 거쳐야 할 7단계,"디지털 트윈(Digital Twin)이라고 하면 영화 ‘매트릭스(The Matrix)’나 비디오 게임 시리즈 ‘심즈(Sims)’를 떠올리는 사람도 있을 것이다. 그러나 클라우드 인프라, 엣지 컴퓨팅, IoT, 분산 데이터 관리 플랫폼, 머신러닝(ML)...",디지털트윈,엣지컴퓨팅,,2023.04.27
https://www.itworld.co.kr/t/55049/%EA%B8%80%EB%A1%9C%EB%B2%8C+%ED%8A%B8%EB%A0%8C%EB%93%9C/288715,https://www.itworld.co.kr/files/itworld/ITW202304_02/microsoft_headquarters_by_efes_kitap_cc0_via.300x240.jpg,"MS, 3분기 매출 상승한 3개 부문은 클라우드·오피스·서버","마이크로소프트가 클라우드 컴퓨팅, 오피스 소프트웨어, 서버 분야 매출 상승을 발표했다. 3월로 끝난 첫 분기 3개 부문의 순수익은 183억 달러로 전년 대비 9% 오른 셈이다.

서버 제품과 클라우드 서비스는 모두 17%의 매출 상승을 기록했다. 애저...",마이크로소프트,클라우드컴퓨팅,,2023.04.27
https://www.itworld.co.kr/t/55049/%EA%B8%80%EB%A1%9C%EB%B2%8C+%ED%8A%B8%EB%A0%8C%EB%93%9C/288853,https://www.itworld.co.kr/files/itworld/ITW202304_02/GettyImages-1409600093.300x240.jpg,챗GPT는 시작에 불과... 수면 위로 드러나는 ‘AI 챗봇’의 안보 위협,"챗GPT 그리고 AI 챗봇이 그 이점만큼이나 위험성을 내포하고 있다는 것이 속속 드러나고 있다. 전 세계는 AI 챗봇이 초래할 위험을 고려하는 동시에 앞으로 다가올 미래를 걱정하기 시작했다.?

최근 영국 국가사이버보안센터(NCSC)는 AI가...",인공지능,머신러닝,,2023.04.27
https://www.itworld.co.kr/t/55049/%EA%B8%80%EB%A1%9C%EB%B2%8C+%ED%8A%B8%EB%A0%8C%EB%93%9C/288865,https://www.itworld.co.kr/files/itworld/ITW202304_02/GettyImages-1405435830.300x240.jpg,“2023년 전 세계 반도체 매출 11% 감소 전망” 가트너,"가트너가 2023년 전 세계 반도체 매출이 11.2% 감소할 것이라는 전망을 발표했다. 2022년 반도체 시장 규모는 총 5,996억 달러로, 2021년 대비 0.2% 소폭 성장한 것으로 드러났다. 하지만 다가오는 반도체 시장의 단기 전망은 더욱 악화...",가트너,,,2023.04.27
https://www.itworld.co.kr/t/55049/%EA%B8%80%EB%A1%9C%EB%B2%8C+%ED%8A%B8%EB%A0%8C%EB%93%9C/288787,https://www.itworld.co.kr/files/itworld/ITW202304_02/0427_blue1.300x240.jpg,"“2027년까지 연간 블루투스 기기 출하량, 76억 대 전망” 블루투스 SIG",블루투스 SIG(Special Interest Group)가 블루투스?최신 기술 동향과 다양한 시장에 걸친 트렌드를 발표했다. 이번 보고서는 지난해 7월 출시된 LE 오디오 및 오라캐스트 브로드캐스트 오디오의 향후 성장 및 블루투스 클래식 오...,블루투스 SIG,블루투스,,2023.04.27
https://www.itworld.co.kr/t/55049/%EA%B8%80%EB%A1%9C%EB%B2%8C+%ED%8A%B8%EB%A0%8C%EB%93%9C/288985,https://www.itworld.co.kr/files/itworld/ITW202304_02/cleanroom-ny-gf-100933135-large.300x240.jpg,"보쉬, 미국 TSI 인수한다?“전기차 SiC 칩 시장 공략”",독일의 엔지니어링 및 기술 기업 보쉬(Bosch)가 미국 칩 제조사 TSI 세미컨덕터(TSI Semiconductors)를 인수한다. 보쉬는 인수 이후 수년에 걸쳐 15억 달러를 추가 투자해 전 세계적으로 증가하는 칩 수요에 대응한다는 구상이다. 특히...,보쉬,TSI,,2023.04.28
https://www.itworld.co.kr/t/55049/%EA%B8%80%EB%A1%9C%EB%B2%8C+%ED%8A%B8%EB%A0%8C%EB%93%9C/289021,https://www.itworld.co.kr/files/itworld/ITW202304_02/tap-tp-pay-iphone-100918434-larg.300x240.jpg,글로벌 칼럼ㅣ은행을 대체하려는 애플의 거침없는 질주,"현재 애플은 구매부터 판매, 신용카드, 저축, 가상화폐, 소액 거래까지 다양한 금융 서비스를 제공하고 있다. 하지만 애플 페이(Apple Pay)의 이야기는 이제 막 시작됐다.?

은행이 많은 사람을 길거리에 나앉게 만든, 일련의 사건을 촉발...",애플,애플 저축 계좌,,2023.04.28
https://www.itworld.co.kr/t/55049/%EA%B8%80%EB%A1%9C%EB%B2%8C+%ED%8A%B8%EB%A0%8C%EB%93%9C/289099,https://www.itworld.co.kr/files/itworld/ITW202304_02/apple_store-100936941-large.300x240.jpg,"Arm, 나스닥 상장 예고 ""2023년 최대 빅뱅""","Arm이 미국 증권 거래소 나스닥 상장을 계획하고 있다. 영국 경제의 불황 위기를 다시 한번 실감하는 대목이다. 아이폰, 맥, 아이패드 등 일부 애플 제품은 영국의 프로세서 설계 기업인 Arm의 레퍼런스 칩 설계를 따른다.?
?
애플...",Arm,애플,,2023.05.02
https://www.itworld.co.kr/t/55049/%EA%B8%80%EB%A1%9C%EB%B2%8C+%ED%8A%B8%EB%A0%8C%EB%93%9C/289249,https://www.itworld.co.kr/files/ciokr/2023/05/GettyImages-1431036378.300x240.jpg,"“개념부터 장단점, 솔루션까지” 콘텐츠 서비스 플랫폼의 모든 것","“다양한 형태로 비즈니스 데이터를 수집, 저장, 보호, 검색, 관리하는 방법을 총칭하는 ‘ECM(Enterprise Content Management)’ 시대는 끝났다.” 가트너가 2017년 그렇게 선언했다. 기업들은 여전히 모든 콘텐츠를 관리해야 하...",콘텐츠 서비스 플랫폼,CSP,,2023.05.03
https://www.itworld.co.kr/t/55049/%EA%B8%80%EB%A1%9C%EB%B2%8C+%ED%8A%B8%EB%A0%8C%EB%93%9C/289261,https://www.itworld.co.kr/files/itworld/ITW202305_01/m03-ericsson-5g-antenna-photo-100930.300x240.jpg,"미· EU, 말레이시아 정부에 “화웨이 장비 쓰지 마” 압력","미국과 EU가 말레이시아 정부에 외교적 압력을 가해 국영 5G 네트워크에서 중국 네트워크 장비 업체 화웨이 제품을 사용하지 못하도록 촉구했다고 파이낸셜타임스가 보도했다.?

말레이시아 주재 미국 대사 브라이언 맥피터스와 말레이시아 주재 EU ...",화웨이,ZTE,,2023.05.03
https://www.itworld.co.kr/t/55049/%EA%B8%80%EB%A1%9C%EB%B2%8C+%ED%8A%B8%EB%A0%8C%EB%93%9C/289363,https://www.itworld.co.kr/files/itworld/ITW202305_01/m03-GettyImages-1468153606.300x240.jpg,“같은 듯 다른” 유럽과 미국의 생성형 AI 규제 동향과 시사점,"유럽연합(EU)은 생성형 AI 플랫폼을 개발하는 업체에 책임을 물을 수 있는 법안을 마무리하고 있다. 법안이 제정될 경우, 생성형 AI 개발 업체는 플랫폼이 제작하는 모든 종류의 콘텐츠에 사용된 저작권 보호 자료를 의무적으로 공시해야 한다. 또한&nb...",AI,챗GPT,,2023.05.03
https://www.itworld.co.kr/t/55049/%EA%B8%80%EB%A1%9C%EB%B2%8C+%ED%8A%B8%EB%A0%8C%EB%93%9C/289303,https://www.itworld.co.kr/files/ciokr/2023/05/high_paying.300x240.jpg,“임원 아니어도 된다” 억대 연봉 받는 IT 직무 10가지,"경기 침체에도 불구하고 IT 인재에 대한 수요는 계속 증가하고 있다. 특히 리더십, 핵심 기술, 비즈니스 역량 등과 관련된 직무는 미국에서 가장 높은 연봉을 받고 있다.
?


2022년은 테크 업계에 힘든 한해였다. 여러 기업이 정리 해고를...",연봉,IT,,2023.05.03
https://www.itworld.co.kr/t/55049/%EA%B8%80%EB%A1%9C%EB%B2%8C+%ED%8A%B8%EB%A0%8C%EB%93%9C/289519,https://www.itworld.co.kr/files/itworld/ITW202305_01/GettyImages-1424927852.300x240.jpg,"“연결성과 보안성, 지능의 개선” 사례로 살펴보는 프라이빗 5G의 이점","5G를 둘러싼 과대 홍보 양상은 미국 애니메이션 <우주가족 젯슨>에 묘사된 것과 같은 미래지향적인 모습부터 밑도 끝도 없는 음모론까지 다양하다.?

소비자 입장에서 5G가 제공하는 이점은 여전히 실속이 적다. 기술이 워낙 새롭고 지...",5G,사례,,2023.05.04
,https://www.itworld.co.kr/files/itworld/ITW202304_02/GettyImages-1409600093.300x240.jpg,미국 정부 “암호화폐 채굴 전력에 30% 세금 부과” 법안 추진,지난 수년간 암호화폐는 PC 게이머에게 '공공의 적'이었다. 이른바 '채굴 장비'가 고성능 게이밍 그래픽 카드를 이용해 대량 제작되면서 GPU 품귀 현상이 벌어졌다. 하지만 암호화폐 채굴은 사실 환경에 더 재앙적인 영향을 주고 있다. 디지털 코인을 만...,채굴,암호화폐,,2023.05.08
,https://www.itworld.co.kr/files/itworld/ITW202304_02/GettyImages-1405435830.300x240.jpg,화웨이 금지 조치 합류하는 독일…5G 둘러싼 지정학적 ‘관계 방정식’,"최대한 많은 네트워크에서 중국제 장비를 배제하려는 미국의 계속되는 외교 노력이 결실을 보고 있는 듯하다. 독일이 다른 여러 유럽 국가의 뒤를 따라 화웨이 및 ZTE 5G 장비 사용을 금지하기로 했다.
?
중국 정부와 긴밀한 관계인 화웨이와 Z...",네트워크,5G,화웨이,2023.05.10
,https://www.itworld.co.kr/files/itworld/ITW202304_02/0427_blue1.300x240.jpg,"“대중화 한 발짝” 마이크로소프트, 코파일럿 지원 앱 및 테스트 규모 확대","마이크로소프트가 오피스 앱 포트폴리오에 AI 비서 코파일럿 통합 작업을 진행 중인 가운데 코파일럿의 고객 평가가 600곳 기업으로 확대된다. 평가판에는 아웃룩, 파워포인트, 화이트보드에서 코파일럿을 사용하는 새로운 방법과 기업에서 AI 툴을 통합하는 ...",코파일럿,마이크로소프트,구글,2023.05.11
,https://www.itworld.co.kr/files/itworld/ITW202304_02/cleanroom-ny-gf-100933135-large.300x240.jpg,“부동산부터 여행ㆍ워라벨까지” 원격근무가 세상을 바꾼 5가지,"최근 여러 기술 현인들이 생성형 AI가 우리 사회의 문화를 바꾸는 힘에 대해 주목하고 있다. 예를 들어 브루킹스 연구소(Brookings Institute)는 하버드 비즈니스 리뷰(Harvard Business Review) 기고를 통해 ""인공지능이 ...",원격근무,재택근무,,2023.05.15
,https://www.itworld.co.kr/files/itworld/ITW202304_02/tap-tp-pay-iphone-100918434-larg.300x240.jpg,"""광고 보는 요금제가 더 이득"" 디즈니플러스가 가입자 정체에도 꿈쩍 않는 이유","디즈니플러스는 6개월 전 광고가 없는 스트리밍 서비스 요금을 일반 요금제보다 3달러 더 높게 책정했다. 구독자 수는 정체에 접어들었지만 디즈니의 입장은 변함이 없다.

2023년 1분기 디즈니의 미국과 캐나다 스트리밍 가입자는 30만 명 감소했다. 직...",디즈니플러스,스트리밍서비스,광고요금제,2023.05.15
,https://www.itworld.co.kr/files/itworld/ITW202304_02/apple_store-100936941-large.300x240.jpg,2023년 엔터프라이즈 클라우드 동향 7가지,클라우드 기술이 다양한 방향으로 나아가고 있다는 점은 부인할 수 없는 사실이다. 그러나 클라우드 기술이 진화함에 따라 많은 조직은 트랜스포메이션 여정에서 더욱 신중한 모습을 보이고 있다고 비즈니스 컨설팅 회사 PwC의 셍크 오즈데미르는 진단했다. 그는...,산업 클라우드,엔터프라이즈 클라우드,앱 현대화,2023.05.15
,https://www.itworld.co.kr/files/ciokr/2023/05/GettyImages-1431036378.300x240.jpg,"""2023년 클라우드·데이터센터·엣지 인프라 이끌 4가지 트렌드는..."" 가트너","가트너가 2023년 클라우드, 데이터센터 및 엣지 인프라에 영향을 미칠 4가지 트렌드를 발표했다. 이 트렌드는 경제적 불확실성이 지속된 한 해 동안 인프라 및 운영(Infrastructure and Operations, 이하 I&O) 팀이 새로...",가트너,클라우드,데이터센터,2023.05.16
,https://www.itworld.co.kr/files/itworld/ITW202305_01/m03-ericsson-5g-antenna-photo-100930.300x240.jpg,"""한때는 미디어 신성, 지금은…"" 뉴스 매체 바이스, 파산 보호 신청","미국 온라인 미디어 바이스 미디어(Vice Media)가 15일 챕터 11 파산을 신청했다. 젊은 세대를 겨냥해 날카롭고 독특한 뉴스를 생산한 바이스는 한때 자산 가치가 57억 달러로 평가되어 IPO를 계획하기도 했다.?

바이스 미디어는 1...",파산,파산보호신청,바이스,2023.05.16
,https://www.itworld.co.kr/files/itworld/ITW202305_01/m03-GettyImages-1468153606.300x240.jpg,"메가존클라우드, ‘2023년 상반기 일본 스타트업 동향 분석 리포트’ 발행","메가존클라우드가 일본 시장 진출을 계획 중인 국내 기업 그리고 창업을 준비 중인 일본 스타트업이 참고할 수 있는 ‘2023년 상반기 일본 스타트업 동향 분석 리포트’를 한국과 일본에서 동시 발행했다.
?


일본 정부의 스타트업 지원 관련 사...",메가존클라우드,,,2023.05.16
,https://www.itworld.co.kr/files/ciokr/2023/05/high_paying.300x240.jpg,"“10년 라이선스 계약 통했다” EU, 마이크로소프트 블리자드 인수 승인","EU 집행위원회가 마이크로소프트의 액티비전 블리자드 인수를 승인했다. 마이크로소프트가 제안을 완전히 이행한다는 조건에서다. 위원회의 감독을 받는 독립적인 수탁자가 이행 여부를 모니터링할 예정이다.?
?


EU 집행위원회는 홈페이지에...",마이크로소프트,액티비전블리자드,인수,2023.05.16
,https://www.itworld.co.kr/files/itworld/ITW202305_01/GettyImages-1424927852.300x240.jpg,"디지털 작업자 대다수 ""생산성 높인다면 모니터링도 OK""…가트너","가트너가 펴낸 최신 보고서에 따르면 생산성 향상을 지원한다는 전제 하에 직원은 업무를 감독하는 디지털 모니터링 도구를 수용할 의사가 있는 것으로 나타났다.

이번 조사에서 디지털 작업자 응답자의 96%가 경력 개발이나 훈련 기회(34%), 더 많은 업...",디지털모니터링,모니터링도구,마이크로소프트365,2023.05.17
,https://www.itworld.co.kr/t/55049/%EA%B8%80%EB%A1%9C%EB%B2%8C+%ED%8A%B8%EB%A0%8C%EB%93%9C/291049,"“MZ세대의 직장 선택 기준은 워라밸, 자기계발, 급여 순” 한국 딜로이트 그룹","한국 딜로이트 그룹이 전 세계 44개국 MZ세대 총 2만여 명 이상(밀레니얼 세대: 8,373명, Z세대: 1만 4,483명)을 대상으로 한 설문과 심층 인터뷰를 바탕으로 ‘딜로이트 2023 글로벌 MZ 세대 서베이(Deloitte’s 2023 Gen...",한국 딜로이트 그룹,,,2023.05.18
,https://www.itworld.co.kr/t/55049/%EA%B8%80%EB%A1%9C%EB%B2%8C+%ED%8A%B8%EB%A0%8C%EB%93%9C/291025,"“한국 CIO 96%, 비즈니스 핵심 아젠다로 '지속가능성' 꼽아” 레노버","레노버가 아시아 태평양 지역 내 CIO 554명의 인사이트를 담은 ‘스마터 데이터 매니지먼트 플레이북(Smarter Data Management Playbook) 2023’을 발표했다.?

레노버가 의뢰하고 IDC에서 실시한 이번 연구는 데이...",CIO,레노버,지속가능성,2023.05.18
,https://www.itworld.co.kr/t/55049/%EA%B8%80%EB%A1%9C%EB%B2%8C+%ED%8A%B8%EB%A0%8C%EB%93%9C/291019,“수백년 전통과 신기술의 결합” 테니스 코드에 부는 IT 바람,테니스는 다른 종목에 비해 기술 기반 훈련이 발달되지 않았다. 하지만 최근 국제테니스연맹은 마이크로소프와 파트너십을 맺고 국제 테니스 대회 ‘빌리 진 킹 컵(Billie Jean King Cup)’에 출전하는 선수의 기량을 분석하는 플랫폼을 만드는 실...,마이크로소프트,애저,AI,2023.05.18
https://www.itworld.co.kr/t/55049/%EA%B8%80%EB%A1%9C%EB%B2%8C+%ED%8A%B8%EB%A0%8C%EB%93%9C/291379,https://www.itworld.co.kr/files/itworld/ITW202305_02/p1170307-3-100703278-large.300x240.jpg,미국 대법원 “테러 단체가 SNS 악용해도 구글ㆍ트위터 책임 없다”,"미국 대법원이 구글과 트위터가 테러리스트 집단이 올린 콘텐츠를 서비스한 것에 대해, '테러방지법'에 따른 법적인 책임을 물릴 수 없다고 판결했다. 온라인 게시물에 대한 논란에서 IT 업계의 손을 들어준 것이다.
?


미국 대법관 클래런스 토...",대법원,면책,,2023.05.19
https://www.itworld.co.kr/t/55049/%EA%B8%80%EB%A1%9C%EB%B2%8C+%ED%8A%B8%EB%A0%8C%EB%93%9C/291733,https://www.itworld.co.kr/files/ciokr/2023/05/GettyImages-1437833539.300x240.jpg,“붕괴와 융합을 통한 혁신” 최신 기업 IT 동향 7가지,"파운드리의 ‘2023년 CIO 현황 설문조사’에 따르면 경제적 불확실성에도 불구하고, CIO의 대다수(91%)가 올해 기술 예산을 유지하거나 늘릴 것으로 예상하고 있다. 투자를 주도하는 기술에는 데이터 애널리틱스, AI 및 고객 환경을 개선하기 위한 ...",2023,융합,,2023.05.23
https://www.itworld.co.kr/t/55049/%EA%B8%80%EB%A1%9C%EB%B2%8C+%ED%8A%B8%EB%A0%8C%EB%93%9C/291673,https://www.itworld.co.kr/files/itworld/ITW202305_02/image_gallery_high_res_boise-100933081-large.300x240.jpg,"중국, 마이크론 제품 사용 금지 조치…중국 대 미국 IT 무역 분쟁 심화","중국 사이버보안국(CAC)이 중국에서 판매되는 마이크론 제품에서 중국 핵심 정보 인프라를 위협하는 심각한 보안 결함이 있다는 네트워크 보안 검토 결과를 내놓으면서 주요 핵심 인프라 프로젝트에서 마이크론 제품 사용을 금지했다.

마이크론은 컴퓨터 메모리...",반도체법,반도체,,2023.05.23
https://www.itworld.co.kr/t/55049/%EA%B8%80%EB%A1%9C%EB%B2%8C+%ED%8A%B8%EB%A0%8C%EB%93%9C/292021,https://www.itworld.co.kr/files/itworld/ITW202305_02/Salesforce_Corporate_Logo_RGB.300x240.jpg,"""제조업에 성공을 가져올 고객 혁신 트렌드"" 세일즈포스의 전체 경험 관리 전략","과거 세계 경제는 소비 패턴 다양화, 소비 욕구 성장 등 서서히 확대일로를 걷고 있었다. 제조업 세계화의 미래도 밝았다. 그러나 코로나19 팬데믹을 겪으면서 R&D, 생산/품질 관리, 판매 전략 구축 등 기존 제조업 경영 목표 외에도 지정학적 ...",세일즈포스,퓨처오브매뉴팩처링,,2023.05.25
https://www.itworld.co.kr/t/55049/%EA%B8%80%EB%A1%9C%EB%B2%8C+%ED%8A%B8%EB%A0%8C%EB%93%9C/292195,https://www.itworld.co.kr/files/itworld/ITW202305_02/netflix-password-sharing-rules.300x240.jpeg,블로그 | 넷플릭스의 계정 공유 제한이 ‘겁주기 게임’인 이유,"넷플릭스는 계정 공유가 더는 허용되지 않는다는 사실을 더 널리 알리고 싶어 한다. 하지만 계정 공유에 대한 새로운 룰을 강제하는 것은 완전히 다른 이야기일 수 있다.
?


넷플릭스가 집 이외 장소에서 자주 영상을 보는 사용자를 차단할 것이라...",넷플릭스,계정공유,,2023.05.26
https://www.itworld.co.kr/t/55049/%EA%B8%80%EB%A1%9C%EB%B2%8C+%ED%8A%B8%EB%A0%8C%EB%93%9C/292297,https://www.itworld.co.kr/files/itworld/ITW202305_02/GettyImages-1400034625.300x240.jpg,"“Z세대 절반 이상, 사용하지 않는 온라인 계정 보유” 베리타스","베리타스에 따르면 전 세계 Z세대(18~24세)의 60%가 사용하지 않는 온라인 계정을 보유하고 있다. 반면 65세 이상은 23%만 사용하지 않는 온라인 계정이 있는 것으로 집계됐다.

이번 소비자 대상 조사는 Z세대에서 사용하지 않는 계정 보유율이 ...",베리타스,휴면 계정,,2023.05.30
https://www.itworld.co.kr/t/55049/%EA%B8%80%EB%A1%9C%EB%B2%8C+%ED%8A%B8%EB%A0%8C%EB%93%9C/292687,https://www.itworld.co.kr/files/itworld/ITW202305_02/m31-parallels-desktop-18-hero-100931.300x240.jpg,글로벌 칼럼 | 맥이 비즈니스 환경에서 윈도우의 그늘을 벗어난 방법,"2006년 1월, 애플은 비즈니스 세계에서 성공을 향한 중요한 발걸음을 내디뎠다. 맥을 인텔 프로세서로 전환하기 시작한 것이다. 이를 통해 애플은 맥에서 윈도우 및 윈도우 애플리케이션을 네이티브로 실행할 수 있는 길을 닦았다.

초기에 이런 기능은 ‘...",MDM,애플,,2023.05.31
https://www.itworld.co.kr/t/55049/%EA%B8%80%EB%A1%9C%EB%B2%8C+%ED%8A%B8%EB%A0%8C%EB%93%9C/292525,https://www.itworld.co.kr/files/ciokr/2023/05/GettyImages-1421558963.300x240.jpg,IT 직원이 회사를 떠나는 12가지 이유,"IT 인력에 대한 수요가 증가한다. 인력 시장이 여전히 경색되어 있다. CIO로서는 IT 인력, 특히 높은 성과를 내는 인력이 회사를 그만두는 것을 지켜볼 여유가 없다. 그렇다고 해도 딱히 뾰족한 단기적 해법을 마련하기도 어려운 상황이다.
?...",퇴사,IT 관리,,2023.05.31
https://www.itworld.co.kr/t/55049/%EA%B8%80%EB%A1%9C%EB%B2%8C+%ED%8A%B8%EB%A0%8C%EB%93%9C/292519,https://www.itworld.co.kr/files/itworld/ITW202305_02/m31-Nvidia-Jensen-Huang-COmputex-2.300x240.jpg,"엔비디아, 반도체기업 최초 시총 1조 달러 “AI 전쟁터의 유일한 무기 판매업체”","AI와 관련한 핵심 투자처를 물색하던 투자자들이 기반을 찾은 것으로 보인다. 30일(현지시간) 기준 시가총액 1조 달러를 돌파한 칩 제조업체 엔비디아다. 보도 시점 기준으로 엔비디아의 주가는 주당 409.76달러까지 올랐고 시가총액은 1조 1,014억...",엔비디아,주가,,2023.05.31
,,,,,,,
,,,,,,,
,,,,,,,
,,,,,,,
,,,,,,,
,,,,,,,
,,,,,,,
