1_2023-06-12-19 , 韓 ‘반도체 영웅’이 산업스파이라니… 中 기술 유출사건에 업계 충격
2_2023-06-12-19 , 윤 대통령 "여성 상대 강력범죄자 신상공개 확대 방안 강구" 지시
3_2023-06-12-19 , 윤관석·이성만, 체포동의안 부결…與 "더불어돈봉투당" vs 野 "무리한 영장 청구"
4_2023-06-12-19 , [단독]지점만 28개, 유명 헬스장 '먹튀 폐업'…"환불 없다" 수천명 피해
5_2023-06-12-19 , 뚜껑째 펑! '수류탄 맥주' 출시… 여름 맥주 전쟁에 도전장 내민 CU
6_2023-06-12-19 , 재주는 '점주'가 생색은 '배민'이?…꼼수 할인 논란
7_2023-06-12-19 , "바보 같은 행동" 롯데월드타워 맨손등반, 해외서도 질타
8_2023-06-12-19 , ‘돈봉투’ 윤관석·이성만 체포안 부결… 巨野 반대 몰표
9_2023-06-12-19 , 장례식장서 환복하고 있었는데…CCTV 촬영에 유족들 '분통'
10_2023-06-12-19 , "日오염수 마실 수 있나"…대정부 질문 '尹외교 방향' 총공세
11_2023-06-12-19 , 원주시의원, 5분자유발언 중 '기습 삭발'…"시의회 거수기" 비판에 여·야 충돌
12_2023-06-12-19 , "부산 돌려차기 男, 더 건강해져 화나"...피해자 "출소하면 50세"
13_2023-06-12-19 , 중앙행정심판위, "법무부 업추비 카드 내역 비공개는 위법·부당”
14_2023-06-12-19 , 총리 "日 원전 오염수 안전 검증되면 마시겠다"
15_2023-06-12-19 , 배우 박수련, 낙상사고로 사망..유족 '장기기증' 결정했다
16_2023-06-12-19 , 발각질 만지던 손으로 커피 제조…업체 공식 사과
17_2023-06-12-19 , 한상혁 면직 집행정지 심리 중 '윤석열 검찰총장' 전례 나왔다
18_2023-06-12-19 , 총인구 축소도 버텼던 부동산... 이젠 '가구 감소' 새 시험대 오른다
19_2023-06-12-19 , “기쁨-조나 해라”…교사 가슴에 비수 꽂는 교원평가, ‘개선’이 최선?
20_2023-06-12-19 , 경찰 지구대서 '20㎝ 창문 틈 도주' 베트남인 10명 전원 검거
21_2023-06-12-19 , “순간의 소비와 쾌락이 당신의 노화 앞당긴다”
22_2023-06-12-19 , [자막뉴스] '마약범이 경찰서에 있다'.. 음주운전 조사왔다  잡혀
23_2023-06-12-19 , 천왕봉만 611번 오른 산꾼 "내게 다른 산은 의미없어"
24_2023-06-12-19 , 산사태 예측정보 48시간 전부터 제공한다
25_2023-06-12-19 , 1회 치료에 20분...'꿈의 암 치료기' 세브란스 중입자치료기 본격 가동
26_2023-06-12-19 , 김포지역 유명 체인 헬스장 돌연 폐업해 피해자 속출…경찰 수사
27_2023-06-12-19 , 부산 돌려차기男 징역 20년…"피해자 왜 안 지켜주나" 울먹인 女
28_2023-06-12-19 , BTS turns Seoul purple to celebrate its 10th anniversary
29_2023-06-12-19 , “대한민국, 중추국 외교로 강대국 지위 누릴 때”
30_2023-06-12-19 , 29세 배우 박수련, 낙상 사고로 사망… 유족 장기기증 결정
31_2023-06-12-19 , "돈가스 3㎏으로 85명에 제공"...어린이집 교사 10명 집단 퇴사
32_2023-06-12-19 , 애플 어쩌나…'비전 프로' 상표권 화웨이가 먼저 출원
33_2023-06-12-19 , Man caught 72 floors up climbing Lotte World Tower
34_2023-06-12-19 , [당뇨인 외식 가이드] 편의점 도시락 고를 땐 ‘화나열’ 기억하세요
35_2023-06-12-19 , 맨몸으로 롯데월드타워 73층까지 오른 영국인 체포
36_2023-06-12-19 , 섬에서 농사지으며 기후위기 정말 실감합니다
37_2023-06-12-19 , 땡볕에 찰스왕 생일 리허설…모자∙모직군복 근위병들 쓰러졌다
38_2023-06-12-19 , 선관위, 헌법기관이어서 '친인척 채용 공개 의무' 없었다 [視리즈]
39_2023-06-12-19 , 땡볕에 털모자 쓴 근위병들…찰스왕 생일 리허설서 줄줄이 기절
40_2023-06-12-19 , TBS 교통방송 "정치적 편파 논란 사과…당분간 시사 프로그램 편성 안한다"
41_2023-06-12-19 , "운전하면서 독서삼매경…제가 본 것만 이렇게 5㎞ 주행"
42_2023-06-12-19 , 한상혁 '면직 집행정지' 사건서 나온 '윤석열 검찰총장'
43_2023-06-12-19 , 부산 돌려차기, 징역 12→20년…피해자 “보복 두렵다”
44_2023-06-12-19 , 이렇게 성실한 ‘건폭’ 7만여명 보셨습니까
45_2023-06-12-19 , ‘부산 돌려차기’ 피해자가 밝혀낸 7분…사법기관 존재 이유를 묻다
46_2023-06-12-19 , "한일관계 잘 풀리는데..." 독도수호결의안마저 포기한 경북도의회
47_2023-06-12-19 , '조국 출마하면 땡큐' 국민의힘…장예찬 "제발로 조국의 강 대환영"
48_2023-06-12-19 , 올해 ‘슈퍼 엘니뇨’로 역대급 폭우 예고... 車 보험료 다시 오르나?
49_2023-06-12-19 , 임영웅에 지갑 여는 중장년...10대 제치고 케이팝 시장 ‘큰손’으로
50_2023-06-12-19 , 인력난 외식업 ‘임금 역전’…월급 적은 고참 부글부글[산업현장 발목 잡는 비자제도(4·끝)]
51_2023-06-12-19 , [단독]현대차그룹 차세대 전기차 700㎞ 달린다
52_2023-06-12-19 , 속초항 오징어난전 앞바다서 물에 빠진 20대 중태
53_2023-06-12-19 , 바닥에 떨어진 빵으로 햄버거 만든 유명 브랜드
54_2023-06-12-19 , [현장영상] 한 총리, '오염수' 질의에 "기준 맞으면 마실 수 있어"
55_2023-06-12-19 , 서울 성북구서 티볼리 인도 돌진…보행자 1명 사망
56_2023-06-12-19 , "윗입술 15방 꿰매, 부산 돌려차기 생각났다"…대전서 무차별 폭행
57_2023-06-12-19 , “헬스장서 450만원 날렸다”…전국 28개 유명 체인 헬스장 ‘먹튀’ 논란
58_2023-06-12-19 , '부산 돌려차기' 피고인 징역 20년…"성폭력도 인정"
59_2023-06-12-19 , '에너지드링크', 노화 늦춘다? "타우린 투약하니 수명 연장 효과"
60_2023-06-12-19 , 여름휴가는 필수…과로·탈진 사망자 너무 많아
61_2023-06-12-19 , [단독] 티빙 양지을 대표 물러난다…적자 위기에 조직쇄신론 부상
62_2023-06-12-19 , 한동훈 10분간 설명…“범죄 생중계 녹음 있는 사건”
63_2023-06-12-19 , 차량 사고 후 소주 '벌컥벌컥'.. 음주운전 숨기려 한 40대 '법정구속'
64_2023-06-12-19 , 당근마켓서 휴대폰 샀는데 고장…'전액 환불' 길 열린다
65_2023-06-12-19 , 잠실 한복판 ‘중·고’ 통합, 선생님은 순회…학교는 지금 실험 중[예정된 미래-작은 학교 이야기③]
66_2023-06-12-19 , 배우 박수련, 계단 낙상 사고로 사망…유족 장기기증 결정
67_2023-06-12-19 , 민주당 무더기 동정표, 윤관석·이성만 체포동의안 부결
68_2023-06-12-19 , [심층] 경북 의사 수, 전국 '꼴찌'···갈수록 커지는 도시-농촌 의료 격차
69_2023-06-12-19 , ‘잘못된 만남’ 67%...중국대사관저 찾아간 이재명 두고 [민심레이더]
70_2023-06-12-19 , 박효신 전액 현찰로 한남동 건물 83억원에 샀다
71_2023-06-12-19 , 술 취해 운전대 잡은 50대, 식당 옆자리 손님에게 덜미
72_2023-06-12-19 , 뮤지컬 배우 박수련, 낙상사고로 숨졌다…유족 장기 기증 결정
73_2023-06-12-19 , 구체화되는 'OLED 동맹설'...삼성 TV 전략 바뀌나
74_2023-06-12-19 , [이사람] 초치에 맞초치… '뜨거운 감자' 싱하이밍 中대사
75_2023-06-12-19 , ‘아들 학폭 논란’, 이동관 방통위원장 임명 강행? [언주유골]
76_2023-06-12-19 , 전신마비 청년 '참 안됐다' 했는데‥휠체어 타다 '벌떡' 기적이?
77_2023-06-12-19 , 방통위, '수신료 분리징수' 시행령 개정 추진… "비정상적 폭주"
78_2023-06-12-19 , ‘부산 돌려차기’ 항소심 징역 20년 선고
79_2023-06-12-19 , “美 베팅은 잘못” 한중관계 냉각시킨 싱하이밍 주한 중국대사는 누구?
80_2023-06-12-19 , "전신마비가 뛰어가네" 완벽하지 못했던 일가족 사기단
81_2023-06-12-19 , '부산 돌려차기男' 신상공개 언제?…尹대통령도 나섰다
82_2023-06-12-19 , [단독]이스타항공, 8월 '청주~제주' 하늘길 다시 연다
